area,location,rooms,bathrooms,garage,age,quality,renovated,price
1477.0,Suburb,4,2.2,3.0,15.0,7,0,355200
960.0,Waterfront,4,1.0,2.0,60.0,6,0,535800
1703.0,Downtown,6,1.8,,15.0,7,0,456200
1810.0,Rural,6,1.8,,5.0,6,1,346100
717.0,Suburb,2,1.0,,21.0,3,0,210600
883.0,Suburb,4,,4.0,77.0,6,0,234500
1395.0,Rural,6,2.4,2.0,29.0,8,0,285500
1211.0,Suburb,3,1.6,1.0,25.0,5,0,326900
1332.0,Rural,4,1.9,2.0,75.0,7,0,208800
1019.0,Rural,3,1.7,3.0,46.0,6,0,203700
1775.0,Waterfront,6,2.1,2.0,10.0,6,0,772900
1718.0,Rural,5,2.5,1.0,22.0,8,0,308600
1368.0,Downtown,6,1.8,1.0,3.0,7,1,439100
1921.0,Rural,6,2.2,1.0,40.0,7,1,322700
1556.0,Suburb,5,1.9,3.0,32.0,8,0,388700
,Downtown,4,1.0,2.0,9.0,6,1,358400
1507.0,Suburb,4,,1.0,35.0,4,0,315800
986.0,Rural,3,1.0,2.0,29.0,5,0,184600
1774.0,Downtown,5,1.4,2.0,68.0,4,1,387900
1318.0,Suburb,4,1.5,2.0,94.0,7,0,247900
1262.0,Suburb,3,1.0,1.0,55.0,7,1,287200
1077.0,Suburb,4,1.2,1.0,27.0,7,0,308900
1981.0,Rural,6,,3.0,31.0,7,0,356500
1275.0,Downtown,4,1.5,2.0,15.0,7,0,438900
1168.0,Rural,4,1.0,2.0,17.0,4,1,223800
1197.0,Rural,4,1.6,2.0,26.0,6,0,229600
1588.0,Suburb,4,,2.0,24.0,4,1,357600
1506.0,Suburb,5,1.8,2.0,9.0,6,0,404000
1529.0,Downtown,5,1.3,2.0,68.0,8,0,420500
1537.0,Downtown,4,,3.0,75.0,8,1,376100
2658.0,Suburb,9,3.3,3.0,67.0,8,0,510500
1176.0,Downtown,3,1.6,1.0,76.0,6,0,318100
1137.0,Rural,3,1.0,2.0,111.0,5,0,174600
1032.0,Suburb,2,1.0,3.0,15.0,6,1,313100
1631.0,Downtown,6,1.5,4.0,108.0,8,1,383400
1922.0,Suburb,5,1.9,3.0,22.0,7,0,435700
1291.0,Rural,3,1.0,1.0,45.0,4,1,228300
1024.0,Downtown,3,,3.0,7.0,6,0,335000
1029.0,Rural,3,1.4,2.0,20.0,3,0,219200
1649.0,Downtown,4,1.6,3.0,56.0,7,1,437000
1699.0,Waterfront,6,1.9,3.0,46.0,5,1,690300
1594.0,Suburb,4,1.7,1.0,21.0,5,1,373100
1083.0,Suburb,3,1.6,2.0,31.0,7,1,323800
1443.0,Suburb,4,1.4,3.0,18.0,7,0,379000
1390.0,Suburb,5,1.3,2.0,56.0,6,1,347800
1437.0,Rural,5,1.3,2.0,71.0,9,0,261200
1770.0,Downtown,6,1.6,1.0,15.0,7,0,467400
1439.0,Downtown,4,1.8,3.0,28.0,5,1,342800
1664.0,Downtown,4,1.8,2.0,8.0,7,0,474400
1369.0,Suburb,5,1.5,1.0,34.0,6,0,343200
1469.0,Rural,6,2.1,2.0,41.0,8,1,311600
1639.0,Downtown,6,2.3,2.0,36.0,7,0,418200
840.0,Rural,3,1.0,2.0,39.0,6,0,205300
1209.0,Rural,3,1.6,2.0,26.0,4,0,237900
1152.0,Downtown,3,1.4,1.0,27.0,6,0,329200
1092.0,Downtown,5,1.1,3.0,26.0,6,0,374700
1227.0,Suburb,3,1.5,2.0,19.0,5,0,315800
2161.0,Downtown,6,1.8,1.0,21.0,6,1,470300
1015.0,Rural,4,1.6,0.0,40.0,6,0,214600
1826.0,Suburb,5,2.2,3.0,68.0,6,1,360100
782.0,Suburb,2,1.0,2.0,13.0,4,1,218000
1203.0,Rural,5,1.1,2.0,26.0,6,0,248300
1411.0,Suburb,5,1.0,3.0,11.0,5,1,351500
1616.0,Rural,5,1.7,3.0,19.0,7,0,325800
1682.0,Suburb,4,,2.0,22.0,6,1,385300
1727.0,Suburb,7,1.5,2.0,32.0,6,1,403700
1198.0,Suburb,4,1.6,2.0,32.0,5,1,314200
1155.0,Downtown,5,1.7,,28.0,6,0,379800
1763.0,Waterfront,6,,3.0,38.0,8,0,746500
1260.0,Suburb,4,1.3,2.0,14.0,6,0,332200
890.0,Rural,2,1.1,3.0,32.0,8,1,223500
932.0,Waterfront,4,1.0,2.0,47.0,7,0,576000
998.0,Suburb,4,1.0,2.0,14.0,8,0,320800
1570.0,Rural,4,1.5,4.0,5.0,8,0,309600
1402.0,Suburb,5,1.5,3.0,55.0,8,0,336900
1671.0,Downtown,5,1.9,3.0,11.0,5,0,471500
1168.0,Waterfront,3,,1.0,19.0,7,0,579400
1409.0,Suburb,5,1.6,4.0,46.0,8,0,370500
1636.0,Rural,4,1.3,2.0,13.0,8,0,327300
1213.0,Suburb,3,1.6,2.0,53.0,5,0,288200
1550.0,Downtown,4,1.7,0.0,,7,0,456000
1084.0,Suburb,3,2.1,2.0,15.0,6,0,326500
1193.0,Downtown,4,1.2,1.0,11.0,9,1,415100
1185.0,Downtown,3,1.4,2.0,17.0,4,0,329400
914.0,Rural,4,2.0,1.0,42.0,5,0,199400
1565.0,Downtown,5,1.8,3.0,19.0,4,0,418600
1153.0,Waterfront,5,1.3,2.0,56.0,6,0,580600
1345.0,Suburb,4,1.1,4.0,29.0,9,1,360300
1562.0,Suburb,4,2.3,1.0,31.0,6,1,338100
1545.0,Suburb,6,1.3,3.0,14.0,6,0,379500
1657.0,Downtown,5,2.0,1.0,61.0,7,0,372900
1298.0,Suburb,4,1.3,2.0,47.0,6,0,296600
1170.0,Suburb,4,1.2,1.0,46.0,6,1,247700
1306.0,Suburb,3,1.0,2.0,25.0,7,0,343500
781.0,Suburb,3,1.3,2.0,9.0,5,1,289400
843.0,Downtown,3,1.0,1.0,32.0,6,0,295100
877.0,Suburb,4,1.0,1.0,41.0,7,1,302900
973.0,Suburb,4,1.5,2.0,41.0,7,0,308300
1522.0,Downtown,6,1.5,2.0,37.0,8,0,434200
1002.0,Rural,3,1.2,3.0,36.0,6,0,213100
1187.0,Downtown,3,1.6,2.0,,6,0,357900
2030.0,Downtown,8,2.4,3.0,17.0,8,1,551900
1195.0,Suburb,3,1.0,1.0,11.0,5,0,298200
1696.0,Suburb,4,2.1,2.0,56.0,5,0,350500
994.0,Waterfront,4,1.1,3.0,91.0,6,1,532900
1254.0,Rural,5,1.3,2.0,130.0,4,0,156100
988.0,Rural,3,1.1,1.0,34.0,6,0,221300
1202.0,Suburb,4,1.0,3.0,36.0,7,0,312400
1753.0,Suburb,4,2.0,2.0,26.0,5,0,372400
771.0,Downtown,2,1.0,1.0,33.0,6,1,267000
1539.0,Rural,3,1.6,2.0,13.0,5,0,268500
1445.0,Suburb,5,1.7,2.0,25.0,5,1,384100
1108.0,Suburb,2,1.6,2.0,15.0,9,0,319300
843.0,Suburb,2,1.0,2.0,23.0,4,0,247700
1371.0,Rural,5,2.0,1.0,16.0,4,1,249700
1131.0,Suburb,4,1.6,2.0,41.0,6,1,260200
1443.0,Downtown,4,1.5,3.0,44.0,7,0,404200
1349.0,Waterfront,5,1.1,2.0,36.0,7,0,640800
2236.0,Downtown,7,2.0,3.0,17.0,9,0,569300
1241.0,Waterfront,4,1.5,2.0,10.0,5,1,675500
965.0,Suburb,2,1.0,2.0,45.0,5,0,250200
1419.0,Waterfront,5,2.0,1.0,29.0,8,0,707100
1437.0,Rural,5,1.4,1.0,5.0,7,0,273500
2069.0,Suburb,7,2.0,1.0,32.0,8,1,462600
1750.0,Rural,6,2.0,1.0,37.0,6,0,290600
1501.0,Downtown,4,1.4,3.0,7.0,8,1,414000
2139.0,Downtown,7,,3.0,41.0,8,1,544200
916.0,Suburb,3,1.4,4.0,8.0,6,0,321200
1091.0,Suburb,3,1.3,1.0,16.0,5,0,313400
996.0,Downtown,3,1.1,3.0,8.0,6,0,391900
1182.0,Suburb,3,1.4,3.0,14.0,8,0,356500
862.0,Waterfront,3,1.0,2.0,10.0,4,1,563500
1641.0,Rural,4,2.0,2.0,56.0,5,0,274700
1247.0,Downtown,3,1.4,3.0,24.0,5,0,340200
837.0,Suburb,2,1.2,2.0,20.0,5,0,223800
968.0,Downtown,4,1.3,2.0,59.0,6,1,296300
1481.0,Downtown,5,1.6,1.0,57.0,8,0,416200
1751.0,Waterfront,4,2.3,0.0,22.0,7,1,732900
2538.0,Waterfront,9,2.7,2.0,35.0,7,0,935200
3403.0,Downtown,12,3.9,1.0,18.0,8,0,742100
1529.0,Downtown,4,1.6,1.0,27.0,7,0,413900
976.0,Suburb,1,1.2,2.0,12.0,3,1,235900
677.0,Suburb,2,1.0,1.0,39.0,7,1,245800
1459.0,Downtown,5,2.2,3.0,61.0,5,0,359100
1033.0,Downtown,4,1.9,2.0,54.0,5,0,338900
1173.0,Suburb,3,1.6,2.0,30.0,6,1,330600
1101.0,Downtown,5,1.8,2.0,5.0,6,1,375100
1280.0,Rural,2,1.0,1.0,18.0,7,0,275000
1884.0,Rural,6,1.6,3.0,27.0,7,1,338900
1408.0,Suburb,4,1.5,2.0,9.0,6,1,329000
1273.0,Suburb,5,1.4,2.0,8.0,8,0,359900
962.0,Rural,4,1.0,2.0,72.0,7,0,216100
784.0,Downtown,3,1.0,1.0,50.0,6,0,252800
1146.0,Rural,3,1.7,1.0,41.0,7,0,227300
1317.0,Downtown,5,2.2,3.0,46.0,5,1,343800
2358.0,Waterfront,8,3.1,3.0,10.0,10,0,944800
1396.0,Downtown,3,1.9,2.0,14.0,5,0,368600
1834.0,Rural,4,2.1,2.0,34.0,7,0,292400
1142.0,Downtown,4,1.0,,35.0,6,1,341700
917.0,Rural,3,1.0,3.0,8.0,5,0,241700
984.0,Suburb,2,1.8,2.0,32.0,5,0,265500
,Downtown,3,1.1,1.0,27.0,5,0,331600
2647.0,Rural,9,2.8,1.0,53.0,9,1,432600
1030.0,Downtown,3,1.5,2.0,36.0,4,0,279800
1752.0,Suburb,4,2.4,3.0,77.0,8,0,354000
1003.0,Suburb,4,1.0,1.0,22.0,7,1,314700
1805.0,Rural,6,1.9,2.0,11.0,6,0,311200
1515.0,Rural,4,1.5,2.0,76.0,7,1,262200
,Suburb,4,1.4,2.0,37.0,6,0,341800
1322.0,Rural,4,1.9,2.0,27.0,5,1,231500
1086.0,Rural,3,1.0,1.0,14.0,4,0,205300
1545.0,Suburb,5,2.1,3.0,22.0,7,0,378900
1158.0,Suburb,3,1.3,2.0,21.0,7,0,307500
905.0,Suburb,3,1.8,4.0,11.0,6,1,296400
890.0,Downtown,2,1.1,1.0,3.0,5,1,309500
1415.0,Suburb,4,1.5,3.0,21.0,6,0,347900
2220.0,Downtown,8,,3.0,47.0,6,0,512600
1410.0,Rural,4,1.4,2.0,64.0,4,0,231900
1290.0,Suburb,4,,2.0,54.0,6,0,295200
1468.0,Suburb,3,1.5,,56.0,7,0,340100
2034.0,Downtown,6,2.2,1.0,12.0,7,1,499500
1437.0,Downtown,5,1.0,2.0,34.0,9,0,394900
1174.0,Rural,4,,2.0,41.0,5,1,220200
1908.0,Suburb,4,,1.0,43.0,6,0,384100
1536.0,Waterfront,5,1.6,4.0,27.0,6,1,744600
2190.0,Suburb,7,2.5,2.0,31.0,7,0,483500
1420.0,Downtown,5,1.6,2.0,53.0,3,0,340800
905.0,Suburb,2,1.0,1.0,40.0,7,1,279200
865.0,Rural,1,1.0,2.0,45.0,6,0,202700
2272.0,Downtown,6,2.3,2.0,20.0,4,1,491500
2325.0,Suburb,6,2.6,2.0,43.0,7,1,462800
1265.0,Downtown,4,1.4,2.0,31.0,5,1,414700
1185.0,Downtown,2,1.0,3.0,50.0,5,1,341700
2138.0,Downtown,6,2.5,2.0,16.0,5,0,509100
940.0,Suburb,4,1.1,3.0,47.0,6,0,282700
1006.0,Rural,3,1.1,2.0,22.0,8,1,223000
1646.0,Downtown,6,2.7,2.0,47.0,7,0,418300
1181.0,Rural,3,1.3,2.0,34.0,3,0,188900
1337.0,Rural,3,1.4,3.0,29.0,6,0,259700
1271.0,Suburb,5,1.3,2.0,23.0,6,1,326800
1492.0,Downtown,5,1.3,2.0,27.0,5,0,390900
2101.0,Suburb,7,2.6,2.0,21.0,7,0,450500
1379.0,Downtown,4,1.3,2.0,23.0,7,1,372100
1646.0,Waterfront,5,1.6,2.0,39.0,5,1,716300
695.0,Rural,1,1.0,2.0,6.0,3,0,141400
1319.0,Downtown,5,1.1,2.0,47.0,3,0,308500
1023.0,Suburb,5,,3.0,47.0,5,1,252600
907.0,Downtown,3,1.0,3.0,24.0,6,0,304000
1011.0,Downtown,3,,3.0,32.0,5,0,323700
1204.0,Suburb,2,1.4,2.0,13.0,5,1,334100
1796.0,Downtown,4,2.5,3.0,38.0,7,0,423000
,Downtown,4,1.2,0.0,15.0,6,0,303100
1353.0,Suburb,4,1.7,3.0,1.0,6,0,328100
1147.0,Suburb,3,1.9,1.0,63.0,7,0,268600
1206.0,Suburb,4,1.3,1.0,12.0,5,0,309300
1846.0,Suburb,7,2.1,2.0,27.0,5,0,409400
1591.0,Suburb,5,1.8,,33.0,6,1,328900
2055.0,Suburb,6,2.8,1.0,39.0,6,1,433700
1275.0,Suburb,4,1.4,2.0,29.0,3,0,269500
1072.0,Waterfront,3,1.0,3.0,35.0,5,0,534700
1247.0,Downtown,3,1.6,1.0,23.0,8,0,384500
,Suburb,5,1.3,2.0,7.0,7,0,382800
1417.0,Downtown,5,1.8,2.0,28.0,7,0,404100
,Suburb,4,1.2,3.0,43.0,6,0,252000
1379.0,Suburb,5,,3.0,13.0,8,0,374100
1441.0,Rural,5,1.8,1.0,33.0,5,0,242100
2998.0,Waterfront,9,2.8,3.0,87.0,6,0,948300
2442.0,Suburb,8,2.8,2.0,27.0,8,1,534000
1019.0,Downtown,3,1.0,2.0,28.0,6,1,353900
1222.0,Rural,4,2.4,1.0,7.0,5,1,255900
839.0,Downtown,3,1.0,2.0,11.0,7,1,360200
,Suburb,4,1.0,4.0,15.0,5,0,289500
1482.0,Rural,6,1.2,2.0,42.0,5,0,280600
1970.0,Suburb,7,2.6,2.0,13.0,5,1,414900
1061.0,Suburb,4,1.1,2.0,5.0,6,0,274600
1086.0,Downtown,4,1.0,1.0,37.0,6,0,352100
674.0,Downtown,3,1.0,3.0,16.0,8,1,315400
1271.0,Waterfront,3,1.6,2.0,7.0,6,1,671700
953.0,Downtown,4,1.3,1.0,45.0,5,1,278800
1131.0,Suburb,3,1.3,1.0,21.0,8,0,361300
1012.0,Suburb,3,1.2,2.0,39.0,7,1,323400
1300.0,Suburb,4,1.5,3.0,7.0,6,0,374300
763.0,Downtown,3,1.0,1.0,,4,0,288900
838.0,Downtown,2,1.1,3.0,31.0,5,1,317800
,Suburb,8,3.3,2.0,11.0,5,0,517200
887.0,Suburb,3,1.0,1.0,30.0,6,1,286000
943.0,Rural,3,1.0,,31.0,5,1,197700
2411.0,Suburb,8,2.6,3.0,28.0,9,1,552900
3394.0,Waterfront,12,4.0,1.0,56.0,5,0,1033800
921.0,Suburb,3,1.0,1.0,130.0,4,0,150500
1191.0,Suburb,3,1.0,3.0,37.0,6,1,298300
1494.0,Waterfront,4,2.0,2.0,87.0,7,0,626400
2329.0,Rural,7,3.1,1.0,,3,0,339400
977.0,Suburb,2,1.0,3.0,9.0,3,0,271300
1238.0,Suburb,4,1.4,3.0,17.0,6,0,321200
1718.0,Rural,6,1.8,2.0,23.0,8,1,337800
1539.0,Downtown,4,1.6,2.0,91.0,9,0,409700
1188.0,Suburb,5,1.4,2.0,29.0,5,1,310300
,Suburb,3,1.0,2.0,57.0,6,0,328000
863.0,Rural,3,1.0,1.0,20.0,5,0,210100
1241.0,Suburb,4,1.3,3.0,18.0,7,0,377500
1230.0,Suburb,4,1.3,3.0,6.0,8,1,364300
1443.0,Waterfront,5,,2.0,90.0,8,0,573600
1121.0,Downtown,4,1.5,2.0,70.0,6,0,295500
1558.0,Rural,6,1.6,3.0,33.0,5,0,266300
1852.0,Downtown,5,1.9,4.0,24.0,6,0,448900
1408.0,Rural,5,1.7,3.0,30.0,8,0,253400
1499.0,Suburb,5,1.6,1.0,9.0,6,0,380800
1362.0,Downtown,5,1.8,2.0,39.0,4,0,317200
1339.0,Suburb,3,1.2,2.0,66.0,6,1,312400
1063.0,Rural,3,,2.0,,6,0,224700
1482.0,Suburb,5,1.5,3.0,7.0,4,1,344200
1298.0,Downtown,2,1.5,3.0,57.0,6,1,356800
2617.0,Downtown,9,2.5,1.0,9.0,8,1,610000
2216.0,Suburb,8,2.0,2.0,3.0,9,1,526900
1515.0,Suburb,4,1.7,1.0,58.0,4,0,276700
1049.0,Suburb,3,1.0,2.0,19.0,7,0,300900
938.0,Downtown,2,1.0,2.0,53.0,7,0,321400
1961.0,Rural,6,2.5,3.0,50.0,7,0,325100
1457.0,Suburb,4,1.4,1.0,46.0,5,1,287200
1562.0,Downtown,4,,0.0,30.0,5,0,410600
766.0,Suburb,2,1.0,1.0,10.0,6,0,234000
1802.0,Suburb,5,2.1,1.0,23.0,7,0,402400
1549.0,Waterfront,5,1.6,1.0,69.0,5,1,642000
939.0,Suburb,4,1.0,2.0,54.0,8,0,277400
1152.0,Downtown,3,,1.0,24.0,5,0,379800
1457.0,Rural,5,1.6,1.0,23.0,4,0,262100
1362.0,Suburb,4,1.6,1.0,43.0,6,1,316400
1220.0,Waterfront,3,1.0,1.0,31.0,7,1,644100
1296.0,Suburb,3,1.4,2.0,24.0,7,0,335300
1236.0,Rural,3,1.0,2.0,41.0,6,1,234400
1406.0,Rural,4,1.6,3.0,40.0,8,0,278100
2145.0,Rural,7,,1.0,17.0,5,0,336700
589.0,Downtown,3,1.0,2.0,36.0,5,0,255600
1242.0,Rural,3,1.8,2.0,38.0,8,0,246000
1417.0,Rural,4,1.7,,28.0,3,1,219400
1473.0,Suburb,4,1.9,2.0,16.0,6,0,377700
1189.0,Suburb,4,1.2,3.0,22.0,8,1,335900
763.0,Suburb,3,1.8,1.0,13.0,7,0,278400
1488.0,Waterfront,4,1.2,2.0,37.0,7,0,654000
2328.0,Rural,7,2.4,2.0,7.0,8,0,387400
820.0,Suburb,4,1.2,1.0,74.0,4,1,186700
1766.0,Suburb,6,2.2,2.0,64.0,8,0,400000
1206.0,Downtown,3,1.5,3.0,39.0,4,0,351400
1313.0,Suburb,4,1.7,1.0,52.0,4,0,280000
956.0,Rural,2,1.0,2.0,50.0,6,0,183300
1203.0,Suburb,4,1.9,1.0,32.0,5,0,265200
2030.0,Rural,7,2.2,1.0,25.0,7,1,359700
1614.0,Suburb,4,2.2,1.0,23.0,7,0,363200
2332.0,Suburb,7,1.9,2.0,75.0,9,0,432400
1952.0,Rural,6,2.3,2.0,15.0,7,1,349600
1541.0,Downtown,5,1.5,2.0,15.0,5,1,409600
2340.0,Waterfront,8,2.8,1.0,55.0,8,1,830700
1541.0,Waterfront,5,1.8,1.0,52.0,5,0,600000
1746.0,Rural,5,2.1,2.0,24.0,8,1,331700
1218.0,Rural,4,1.0,1.0,42.0,6,0,214900
1368.0,Suburb,4,1.5,2.0,45.0,7,0,336400
1072.0,Suburb,2,1.1,2.0,9.0,3,0,271700
1838.0,Rural,4,2.2,1.0,67.0,3,0,265100
919.0,Suburb,3,1.4,2.0,45.0,4,0,222700
1720.0,Rural,5,2.0,1.0,39.0,9,1,320600
1260.0,Downtown,4,1.0,,46.0,4,0,340900
1948.0,Rural,5,2.2,2.0,36.0,8,0,323600
1703.0,Suburb,5,2.8,2.0,27.0,5,0,396600
2399.0,Rural,8,3.2,3.0,32.0,6,0,359300
1692.0,Suburb,5,1.0,2.0,9.0,6,1,377500
810.0,Suburb,3,1.0,2.0,95.0,8,1,197300
1311.0,Waterfront,4,1.8,3.0,27.0,7,1,662800
921.0,Suburb,3,1.0,3.0,94.0,6,1,223600
1135.0,Downtown,4,1.1,1.0,32.0,8,0,376600
2172.0,Downtown,7,2.3,2.0,18.0,6,0,512800
1643.0,Suburb,5,2.0,3.0,66.0,8,0,355600
1071.0,Suburb,3,1.0,2.0,38.0,7,1,268800
968.0,Suburb,3,1.5,2.0,116.0,7,0,193600
1354.0,Downtown,5,1.5,3.0,18.0,6,0,405100
908.0,Downtown,2,1.0,2.0,67.0,5,0,276600
1081.0,Rural,3,1.6,2.0,70.0,5,0,182200
1480.0,Suburb,4,1.1,2.0,48.0,5,1,342300
1939.0,Downtown,6,2.0,1.0,70.0,5,1,400800
1628.0,Downtown,4,1.6,1.0,27.0,7,0,414200
643.0,Downtown,1,1.5,1.0,15.0,5,0,261300
,Rural,5,1.4,3.0,,7,0,311300
1371.0,Rural,5,1.0,3.0,31.0,7,0,270100
1529.0,Suburb,4,1.5,3.0,50.0,5,0,294100
2247.0,Suburb,7,2.7,2.0,16.0,5,0,474500
692.0,Rural,3,1.0,2.0,23.0,5,0,206600
1109.0,Suburb,4,2.0,2.0,17.0,5,1,306200
1618.0,Suburb,5,2.3,2.0,56.0,5,1,328200
807.0,Suburb,2,1.0,2.0,93.0,8,0,233600
2148.0,Waterfront,7,2.1,1.0,13.0,4,1,867300
1507.0,Suburb,5,2.2,1.0,43.0,9,1,393300
1756.0,Suburb,6,1.8,,60.0,7,0,336500
1116.0,Rural,3,1.0,3.0,25.0,7,0,251800
1738.0,Downtown,5,1.8,3.0,9.0,8,0,491200
1885.0,Suburb,6,1.7,0.0,65.0,7,0,353100
1443.0,Suburb,5,1.4,3.0,8.0,8,0,410100
1444.0,Waterfront,5,,2.0,78.0,5,0,603300
1460.0,Downtown,5,1.9,3.0,17.0,6,1,451200
1016.0,Suburb,4,1.0,2.0,7.0,5,1,280600
1278.0,Rural,4,1.0,3.0,21.0,4,0,242700
1276.0,Rural,5,1.0,2.0,29.0,5,1,231100
1514.0,Suburb,4,1.8,,34.0,9,1,383300
1844.0,Downtown,7,2.1,2.0,45.0,6,0,475400
955.0,Downtown,4,1.0,,36.0,9,0,321400
1287.0,Suburb,4,1.3,2.0,88.0,9,1,282800
2152.0,Downtown,8,2.5,3.0,28.0,10,1,589300
1056.0,Rural,4,1.7,2.0,37.0,9,1,253100
1030.0,Rural,3,1.0,2.0,35.0,9,0,255400
1429.0,Rural,4,1.6,1.0,6.0,7,1,276700
1755.0,Downtown,6,2.3,2.0,11.0,7,0,476200
1344.0,Suburb,5,1.2,2.0,31.0,7,0,350300
2049.0,Rural,6,2.3,0.0,40.0,7,0,329500
1762.0,Downtown,5,1.9,1.0,4.0,7,1,440500
1754.0,Downtown,6,1.5,0.0,91.0,7,0,436600
1599.0,Suburb,5,1.8,2.0,42.0,6,0,357100
2821.0,Downtown,10,3.1,3.0,30.0,5,1,585900
1254.0,Downtown,4,1.6,1.0,41.0,7,0,366500
705.0,Suburb,2,1.0,3.0,20.0,5,1,256800
2238.0,Rural,8,2.5,4.0,34.0,6,0,381200
1157.0,Downtown,3,1.8,3.0,38.0,6,0,366600
1386.0,Suburb,5,2.3,2.0,66.0,6,0,308100
2037.0,Suburb,5,2.7,3.0,26.0,8,1,428700
802.0,Suburb,2,1.0,1.0,9.0,6,1,277700
897.0,Suburb,4,1.2,1.0,15.0,7,0,259500
802.0,Downtown,4,1.0,2.0,25.0,6,1,337200
1039.0,Downtown,3,1.3,2.0,10.0,6,1,341600
1542.0,Suburb,4,1.4,3.0,13.0,6,0,380500
1584.0,Waterfront,5,1.2,2.0,15.0,4,0,661200
1463.0,Suburb,4,1.5,2.0,24.0,7,1,354400
852.0,Suburb,2,1.2,2.0,42.0,7,0,243500
640.0,Waterfront,3,1.0,2.0,23.0,7,1,560300
1363.0,Rural,4,1.7,2.0,44.0,4,0,220200
1152.0,Rural,2,1.4,1.0,30.0,4,1,222300
1552.0,Suburb,4,1.9,2.0,14.0,5,1,354000
1677.0,Rural,5,2.0,2.0,38.0,8,0,300500
1400.0,Suburb,3,1.5,2.0,34.0,6,0,326300
1708.0,Suburb,5,1.9,3.0,45.0,5,1,369200
1441.0,Rural,4,2.2,3.0,51.0,4,1,232100
1587.0,Suburb,6,1.8,3.0,67.0,5,0,342500
1069.0,Waterfront,5,1.2,1.0,43.0,5,0,548600
1265.0,Waterfront,3,1.4,2.0,33.0,7,1,661900
1426.0,Suburb,5,1.5,1.0,45.0,8,0,343000
1742.0,Downtown,5,1.8,2.0,21.0,5,0,443400
1181.0,Rural,3,1.4,1.0,20.0,7,0,238200
1583.0,Suburb,6,1.6,3.0,73.0,7,1,336300
1230.0,Suburb,4,1.3,3.0,19.0,4,0,313000
1290.0,Downtown,4,1.2,3.0,15.0,6,1,384000
1747.0,Rural,5,2.0,3.0,43.0,7,0,324600
708.0,Waterfront,3,1.0,2.0,21.0,6,1,541000
885.0,Downtown,1,1.0,2.0,51.0,3,0,216200
834.0,Rural,2,1.0,3.0,64.0,6,1,171300
635.0,Rural,2,1.0,2.0,17.0,7,1,182800
1078.0,Downtown,3,1.2,1.0,47.0,8,1,364000
1702.0,Downtown,6,1.5,3.0,19.0,5,0,451600
1223.0,Suburb,5,1.6,2.0,25.0,5,0,310100
1427.0,Rural,3,1.1,3.0,37.0,6,0,258800
1898.0,Suburb,7,2.5,2.0,20.0,7,0,430500
2048.0,Downtown,5,2.3,2.0,35.0,7,1,510900
1310.0,Downtown,5,1.0,3.0,27.0,7,1,409700
2066.0,Suburb,7,2.4,1.0,52.0,5,1,417000
1380.0,Downtown,4,1.4,2.0,52.0,7,0,366700
1025.0,Suburb,3,1.0,1.0,20.0,5,0,261700
1107.0,Downtown,3,1.0,0.0,38.0,6,0,329300
834.0,Rural,3,1.0,,57.0,8,0,222600
1008.0,Rural,3,1.0,2.0,13.0,4,1,230300
1194.0,Rural,4,1.0,3.0,27.0,6,0,265000
1732.0,Downtown,5,2.4,2.0,36.0,5,0,425300
2323.0,Suburb,6,2.5,2.0,13.0,7,1,473600
861.0,Rural,2,1.0,2.0,22.0,7,0,197200
1519.0,Suburb,4,1.3,1.0,83.0,6,0,319900
960.0,Downtown,3,1.3,2.0,19.0,6,0,292900
1559.0,Downtown,5,1.3,3.0,21.0,8,0,473800
1284.0,Suburb,4,1.5,2.0,43.0,7,0,304800
746.0,Suburb,4,1.0,1.0,11.0,7,0,307600
1803.0,Waterfront,4,1.8,1.0,27.0,7,1,754300
1104.0,Rural,4,1.0,2.0,15.0,2,0,213100
1129.0,Rural,4,1.0,2.0,35.0,6,0,260500
951.0,Waterfront,4,1.1,,1.0,4,1,575900
1086.0,Suburb,4,1.3,2.0,31.0,5,0,276900
1536.0,Downtown,5,1.4,2.0,37.0,8,0,407200
1261.0,Downtown,4,,2.0,22.0,6,0,351700
1488.0,Rural,4,2.0,2.0,23.0,9,0,296300
1504.0,Suburb,5,1.1,4.0,20.0,4,0,334800
2044.0,Waterfront,5,2.3,3.0,27.0,5,1,763000
1200.0,Downtown,4,1.0,3.0,74.0,7,0,324700
835.0,Downtown,3,1.0,1.0,53.0,5,0,270200
1885.0,Rural,6,2.2,1.0,27.0,7,0,310200
1205.0,Rural,4,1.1,2.0,22.0,6,0,240000
1913.0,Rural,6,1.7,3.0,49.0,6,1,334200
1514.0,Downtown,6,2.1,3.0,33.0,6,1,395600
1284.0,Suburb,6,1.7,3.0,12.0,6,1,392200
1498.0,Suburb,6,1.0,0.0,25.0,7,0,340600
,Rural,7,2.3,3.0,69.0,9,0,387100
2604.0,Downtown,9,3.1,2.0,42.0,7,1,610800
1370.0,Suburb,5,1.4,1.0,22.0,6,0,362900
1410.0,Downtown,4,2.1,3.0,8.0,5,0,414400
1890.0,Rural,5,2.3,2.0,35.0,9,0,327000
1022.0,Downtown,3,1.2,2.0,30.0,7,0,322600
1490.0,Waterfront,5,,3.0,26.0,4,1,652400
1328.0,Downtown,3,1.6,2.0,50.0,3,1,361800
1481.0,Suburb,4,1.2,1.0,42.0,5,1,314200
1026.0,Rural,4,1.6,,8.0,6,0,243100
805.0,Downtown,3,1.0,1.0,30.0,6,1,277500
690.0,Downtown,3,1.0,3.0,10.0,6,1,291200
937.0,Suburb,2,1.3,3.0,20.0,6,1,290000
1157.0,Suburb,5,2.1,1.0,10.0,8,0,340500
1219.0,Rural,3,1.3,1.0,10.0,7,1,256200
2490.0,Suburb,6,3.0,1.0,37.0,7,0,455400
1908.0,Downtown,6,2.0,2.0,35.0,8,0,479900
984.0,Waterfront,2,1.1,2.0,28.0,4,1,585800
1497.0,Downtown,5,1.1,2.0,19.0,6,1,397600
1176.0,Suburb,4,1.3,3.0,9.0,6,1,351600
1223.0,Waterfront,4,1.4,3.0,21.0,7,0,562300
1421.0,Rural,4,2.2,3.0,35.0,4,1,243100
1633.0,Downtown,5,1.2,1.0,35.0,6,0,366600
1202.0,Downtown,4,1.2,3.0,68.0,7,1,368800
1883.0,Suburb,7,2.5,3.0,62.0,7,0,416000
929.0,Suburb,3,1.0,3.0,29.0,7,0,267500
,Rural,4,1.4,2.0,20.0,7,1,277800
3076.0,Suburb,8,3.1,1.0,16.0,7,1,606900
1439.0,Downtown,4,1.3,1.0,8.0,7,0,439200
2119.0,Suburb,6,1.7,,11.0,6,0,431500
1379.0,Suburb,3,1.3,2.0,35.0,6,0,280900
1613.0,Rural,5,1.4,3.0,44.0,7,0,272000
1315.0,Suburb,3,1.5,3.0,24.0,6,0,343400
1268.0,Downtown,5,1.1,2.0,114.0,7,1,349100
1044.0,Suburb,3,,2.0,12.0,7,0,307600
1537.0,Suburb,5,1.5,2.0,7.0,7,0,372700
1020.0,Rural,2,1.1,1.0,113.0,8,1,208100
1657.0,Rural,6,1.7,3.0,9.0,10,0,351200
1896.0,Waterfront,6,1.7,2.0,23.0,7,0,753700
1506.0,Suburb,4,1.7,,17.0,6,0,356400
1222.0,Rural,4,1.7,2.0,37.0,7,0,261200
1549.0,Downtown,4,1.8,,,7,0,422900
1213.0,Suburb,3,1.1,2.0,44.0,7,1,323500
1807.0,Suburb,5,2.0,1.0,50.0,8,0,359300
745.0,Rural,3,1.0,3.0,8.0,3,1,166800
1203.0,Rural,4,1.3,2.0,15.0,8,1,260600
708.0,Suburb,3,1.0,2.0,47.0,8,1,251600
830.0,Rural,2,1.0,2.0,57.0,7,1,193400
2072.0,Rural,7,2.0,2.0,32.0,7,1,359700
1784.0,Waterfront,5,1.8,3.0,39.0,6,1,813100
1064.0,Suburb,3,1.5,1.0,71.0,6,0,235800
828.0,Waterfront,3,1.3,3.0,22.0,7,0,568900
519.0,Rural,2,1.0,2.0,32.0,6,1,156700
1126.0,Suburb,3,1.1,2.0,62.0,7,1,303000
2906.0,Suburb,9,3.1,2.0,64.0,8,1,565100
1539.0,Rural,5,2.0,1.0,27.0,7,1,284200
1120.0,Rural,3,1.3,1.0,16.0,7,1,276700
1554.0,Suburb,5,1.8,3.0,27.0,5,1,350000
813.0,Waterfront,2,1.1,4.0,29.0,7,1,604600
1218.0,Downtown,4,1.1,1.0,15.0,9,0,427100
1383.0,Suburb,4,2.0,1.0,17.0,6,0,316500
1303.0,Suburb,3,1.4,3.0,,8,0,324800
1725.0,Suburb,5,1.6,2.0,40.0,5,0,308600
1496.0,Suburb,5,1.6,3.0,23.0,6,0,375900
1659.0,Suburb,5,2.3,,12.0,5,0,359800
1075.0,Suburb,3,1.0,2.0,17.0,8,1,335700
1785.0,Downtown,5,2.3,2.0,7.0,9,0,516300
2256.0,Downtown,7,2.3,0.0,33.0,7,1,542000
982.0,Rural,1,1.0,1.0,16.0,7,0,231200
1008.0,Suburb,4,1.4,3.0,35.0,8,1,316400
2054.0,Downtown,5,2.0,3.0,46.0,7,0,472400
1260.0,Downtown,3,1.7,3.0,35.0,6,0,362100
2099.0,Downtown,6,2.5,2.0,21.0,8,1,509500
1163.0,Downtown,5,1.0,0.0,15.0,5,0,338400
2134.0,Waterfront,8,2.3,1.0,11.0,7,0,851500
1397.0,Suburb,5,1.4,3.0,60.0,9,1,340600
1455.0,Suburb,5,1.7,3.0,34.0,5,1,312900
2210.0,Suburb,6,3.1,3.0,22.0,8,0,461100
,Downtown,4,1.2,2.0,42.0,7,1,299100
991.0,Rural,3,1.3,1.0,54.0,6,0,188300
1160.0,Waterfront,3,1.3,2.0,17.0,6,0,630200
1548.0,Downtown,5,1.7,2.0,34.0,9,0,386600
812.0,Downtown,2,1.0,3.0,34.0,7,0,311400
1643.0,Suburb,6,1.5,2.0,69.0,7,0,345500
1127.0,Downtown,2,1.4,2.0,22.0,8,1,352400
1934.0,Downtown,6,2.0,2.0,14.0,6,0,472700
623.0,Suburb,1,1.0,2.0,36.0,4,1,224500
1041.0,Suburb,3,1.5,3.0,45.0,8,0,282900
781.0,Downtown,3,,1.0,32.0,6,0,287100
1028.0,Rural,2,1.1,1.0,72.0,7,0,192800
1450.0,Downtown,5,2.1,3.0,22.0,5,0,385500
1265.0,Suburb,4,1.0,1.0,32.0,7,0,334500
1235.0,Rural,3,1.8,3.0,8.0,4,1,255500
1273.0,Suburb,4,1.1,0.0,13.0,6,1,320800
1430.0,Suburb,4,1.7,2.0,17.0,5,0,381600
970.0,Suburb,2,1.0,3.0,25.0,5,0,287300
1679.0,Suburb,5,1.5,2.0,10.0,6,0,357000
1656.0,Rural,5,,1.0,42.0,3,0,247800
1515.0,Suburb,4,2.3,2.0,16.0,5,1,406400
1601.0,Suburb,6,1.7,2.0,102.0,7,0,298700
1473.0,Rural,5,1.8,2.0,16.0,7,1,296200
2569.0,Downtown,8,2.9,2.0,30.0,5,1,586900
1303.0,Rural,4,2.1,2.0,27.0,7,0,273600
1214.0,Downtown,3,1.0,2.0,13.0,5,1,377500
1052.0,Suburb,3,1.3,4.0,25.0,7,1,332300
963.0,Rural,3,1.0,2.0,25.0,6,0,213200
899.0,Suburb,2,1.0,2.0,50.0,5,1,226700
1008.0,Downtown,3,1.0,2.0,37.0,6,0,325000
1309.0,Suburb,4,2.1,3.0,41.0,10,1,365500
1491.0,Rural,4,1.4,1.0,50.0,5,1,238200
1362.0,Waterfront,4,1.8,2.0,42.0,6,1,689400
1048.0,Suburb,5,1.6,2.0,33.0,7,1,304900
1787.0,Downtown,5,2.0,1.0,17.0,5,1,478600
1697.0,Suburb,4,,1.0,32.0,4,0,348100
1273.0,Suburb,3,1.0,,14.0,5,1,317000
1087.0,Downtown,4,,1.0,26.0,7,1,318700
1596.0,Rural,6,2.1,2.0,24.0,6,1,329800
1422.0,Suburb,4,1.6,3.0,25.0,6,1,353300
843.0,Suburb,4,1.1,2.0,10.0,7,0,250700
1311.0,Suburb,5,1.5,1.0,1.0,5,0,353400
1457.0,Downtown,4,2.4,1.0,21.0,6,1,408000
1004.0,Suburb,3,1.0,2.0,57.0,4,1,224400
1423.0,Suburb,5,2.1,2.0,30.0,7,1,379500
841.0,Suburb,3,1.0,2.0,55.0,6,0,191700
2054.0,Suburb,7,2.9,2.0,14.0,8,0,456700
1997.0,Suburb,6,1.8,3.0,20.0,5,0,412800
1235.0,Suburb,4,1.4,2.0,105.0,6,0,264500
1505.0,Rural,6,1.5,1.0,15.0,4,1,303100
619.0,Suburb,2,1.0,,41.0,5,0,209700
925.0,Suburb,3,1.5,3.0,41.0,8,0,298400
1219.0,Rural,4,1.5,2.0,38.0,6,0,276000
950.0,Suburb,3,1.5,2.0,41.0,4,1,252700
1683.0,Suburb,5,1.6,2.0,15.0,5,0,382400
2538.0,Rural,9,2.5,2.0,21.0,5,0,372200
919.0,Suburb,3,1.0,0.0,2.0,4,0,295100
1025.0,Waterfront,3,1.1,2.0,70.0,7,0,519400
1444.0,Suburb,4,1.5,3.0,41.0,4,0,318400
2243.0,Suburb,7,2.2,3.0,,7,1,489600
906.0,Downtown,3,1.4,1.0,14.0,6,0,324000
1451.0,Downtown,4,1.5,2.0,58.0,5,0,343400
2399.0,Suburb,9,,2.0,16.0,7,0,513300
790.0,Downtown,1,1.0,2.0,17.0,4,0,309200
889.0,Suburb,3,1.2,2.0,12.0,7,0,333100
1170.0,Suburb,3,1.5,2.0,46.0,5,1,281700
1134.0,Downtown,4,1.0,2.0,54.0,5,0,301000
1737.0,Suburb,7,2.1,3.0,24.0,6,0,386800
1447.0,Suburb,4,2.3,3.0,54.0,7,1,396500
759.0,Suburb,2,1.0,1.0,36.0,6,1,243700
1580.0,Rural,5,2.1,2.0,11.0,3,0,287400
1113.0,Downtown,3,,2.0,67.0,6,0,320400
2014.0,Downtown,7,2.3,2.0,12.0,4,1,529300
1096.0,Waterfront,3,1.3,1.0,25.0,5,0,566200
1093.0,Waterfront,4,1.4,2.0,24.0,6,1,586400
1593.0,Suburb,4,2.0,2.0,,6,1,408400
1710.0,Suburb,4,1.4,2.0,5.0,7,0,417000
1546.0,Rural,5,1.8,2.0,92.0,7,0,250300
781.0,Suburb,1,1.0,2.0,5.0,5,1,288700
1591.0,Downtown,6,1.6,3.0,70.0,5,0,385300
962.0,Downtown,2,1.5,2.0,14.0,6,0,363000
1444.0,Downtown,4,1.3,1.0,18.0,4,0,373900
849.0,Rural,3,1.0,2.0,65.0,5,0,178600
1545.0,Suburb,4,2.0,4.0,38.0,8,1,396300
1035.0,Suburb,2,1.0,1.0,9.0,4,1,270000
889.0,Downtown,4,1.0,3.0,8.0,5,0,323100
1683.0,Downtown,5,2.2,3.0,35.0,5,0,413000
1447.0,Rural,4,1.7,0.0,12.0,9,1,303500
1101.0,Rural,3,,2.0,40.0,5,0,203100
2131.0,Suburb,7,2.2,2.0,42.0,6,1,442700
1163.0,Rural,4,1.0,2.0,15.0,5,1,245600
1353.0,Suburb,4,1.1,1.0,19.0,6,0,331800
1460.0,Suburb,4,1.5,2.0,35.0,7,1,357600
1099.0,Suburb,3,1.0,2.0,15.0,5,0,281300
1557.0,Downtown,5,1.8,2.0,30.0,8,0,428400
1129.0,Suburb,3,1.1,2.0,109.0,6,0,196500
1174.0,Rural,5,1.4,2.0,37.0,7,0,241300
2072.0,Downtown,6,2.4,3.0,,6,0,482900
960.0,Suburb,3,1.2,1.0,98.0,6,0,213100
619.0,Rural,1,1.0,1.0,48.0,5,1,138600
2243.0,Rural,6,2.4,3.0,12.0,9,1,371600
3028.0,Suburb,9,3.4,2.0,14.0,7,0,627100
1177.0,Downtown,3,1.4,2.0,6.0,6,1,374100
721.0,Rural,2,1.0,2.0,35.0,5,1,197400
1213.0,Downtown,3,1.6,2.0,4.0,5,0,357400
1222.0,Downtown,4,1.4,2.0,98.0,6,1,336800
1260.0,Downtown,3,1.6,2.0,23.0,7,0,356500
938.0,Suburb,2,1.0,1.0,50.0,5,0,236300
,Suburb,5,1.7,2.0,22.0,6,0,351300
1584.0,Rural,6,1.4,,35.0,7,0,317000
830.0,Suburb,3,1.2,3.0,25.0,6,0,264500
1675.0,Waterfront,5,1.4,2.0,29.0,4,0,703400
2583.0,Suburb,7,2.5,3.0,61.0,6,0,481200
1415.0,Suburb,4,1.8,2.0,80.0,4,1,280600
1202.0,Downtown,3,1.1,2.0,76.0,6,1,324000
1280.0,Downtown,5,,2.0,130.0,5,1,297900
1631.0,Suburb,5,2.1,2.0,16.0,6,1,400700
770.0,Rural,2,1.2,1.0,37.0,4,1,170100
1412.0,Downtown,4,1.8,1.0,16.0,6,0,404800
1182.0,Suburb,3,1.6,2.0,59.0,4,0,293000
2419.0,Suburb,7,2.6,1.0,13.0,8,0,497900
1267.0,Suburb,4,1.3,3.0,62.0,7,0,271300
,Downtown,7,2.3,2.0,32.0,7,0,507100
941.0,Downtown,4,1.1,1.0,26.0,5,0,285700
1616.0,Suburb,6,1.6,2.0,29.0,3,0,321500
1484.0,Rural,6,1.5,2.0,11.0,6,0,274300
1014.0,Rural,4,1.3,2.0,12.0,5,1,229100
1418.0,Downtown,4,2.0,2.0,33.0,6,0,392200
1974.0,Downtown,7,2.3,2.0,33.0,7,0,492400
1208.0,Suburb,4,2.0,1.0,17.0,6,0,307200
779.0,Downtown,4,,0.0,23.0,7,0,323500
1332.0,Rural,4,1.0,2.0,39.0,5,1,247200
1003.0,Suburb,3,1.4,2.0,15.0,5,0,312100
1200.0,Rural,4,1.1,2.0,5.0,7,0,274900
1305.0,Downtown,5,1.4,3.0,72.0,6,1,342000
776.0,Waterfront,1,1.0,2.0,34.0,5,0,530700
799.0,Rural,4,1.0,3.0,19.0,8,0,230300
1563.0,Rural,5,1.2,3.0,16.0,7,1,316000
1133.0,Waterfront,3,1.1,3.0,15.0,6,0,643800
590.0,Suburb,1,1.0,1.0,59.0,5,0,177900
1722.0,Downtown,4,1.9,2.0,9.0,8,0,473400
1461.0,Suburb,5,2.1,3.0,37.0,6,0,346900
1066.0,Rural,3,1.4,2.0,37.0,6,0,204600
879.0,Rural,3,,2.0,47.0,7,0,166300
1750.0,Suburb,6,2.2,1.0,21.0,8,0,399600
1498.0,Rural,4,1.7,4.0,68.0,7,0,263500
2871.0,Downtown,9,3.2,1.0,48.0,8,0,634700
1532.0,Downtown,4,1.7,0.0,20.0,7,0,426600
1516.0,Suburb,4,1.8,2.0,16.0,7,0,366900
1270.0,Suburb,6,1.2,0.0,25.0,5,0,294300
1740.0,Downtown,6,1.9,1.0,20.0,9,1,482300
,Rural,5,2.2,4.0,14.0,5,1,292600
1999.0,Suburb,6,2.0,2.0,30.0,7,0,389000
1134.0,Suburb,4,1.0,1.0,23.0,4,1,256200
1165.0,Downtown,4,1.3,2.0,78.0,6,0,333000
1149.0,Downtown,3,,1.0,20.0,5,0,369700
1725.0,Suburb,6,1.3,3.0,16.0,7,0,419800
2163.0,Rural,6,2.3,1.0,28.0,7,0,349400
1157.0,Downtown,3,1.8,2.0,34.0,5,1,314500
1169.0,Rural,4,1.3,1.0,35.0,6,0,224400
1481.0,Rural,4,1.7,4.0,35.0,8,0,299500
1238.0,Rural,4,1.0,2.0,29.0,4,1,240800
1816.0,Suburb,6,2.2,2.0,27.0,5,0,401100
652.0,Suburb,1,1.0,2.0,43.0,7,1,256400
1028.0,Rural,3,1.0,2.0,13.0,6,0,256100
1043.0,Suburb,2,1.2,1.0,16.0,6,1,286300
637.0,Downtown,2,1.0,1.0,7.0,7,0,352700
984.0,Suburb,3,1.0,3.0,13.0,5,1,255800
999.0,Suburb,4,1.2,2.0,55.0,5,0,237600
1256.0,Suburb,5,1.8,0.0,41.0,5,1,302800
1912.0,Rural,5,2.0,1.0,85.0,6,1,286000
1238.0,Suburb,2,1.1,3.0,72.0,8,1,296900
963.0,Suburb,2,1.0,2.0,42.0,3,0,218400
1315.0,Waterfront,3,1.8,2.0,31.0,4,0,665500
1874.0,Downtown,7,1.7,3.0,29.0,5,1,452700
980.0,Downtown,3,1.3,1.0,4.0,8,1,350900
1001.0,Rural,4,1.0,3.0,26.0,5,1,245800
1602.0,Waterfront,5,,1.0,18.0,6,1,746600
1248.0,Suburb,4,,2.0,13.0,4,0,325900
1648.0,Suburb,5,1.6,2.0,37.0,6,0,365100
1334.0,Suburb,5,2.0,2.0,24.0,7,0,324700
1677.0,Rural,5,1.4,3.0,30.0,7,1,308200
962.0,Rural,2,1.2,3.0,12.0,6,0,201900
1334.0,Downtown,5,2.1,2.0,49.0,4,0,348700
1252.0,Rural,4,1.6,2.0,20.0,6,1,267200
908.0,Suburb,3,1.0,3.0,36.0,6,0,286500
812.0,Downtown,1,1.0,2.0,21.0,4,0,271700
1668.0,Downtown,6,1.6,2.0,3.0,7,0,479600
1197.0,Downtown,4,1.4,1.0,38.0,7,0,335900
966.0,Waterfront,3,1.2,3.0,25.0,5,0,592000
1299.0,Suburb,4,1.0,2.0,7.0,7,1,366300
,Rural,6,1.8,2.0,11.0,6,1,325200
646.0,Downtown,2,1.0,2.0,50.0,7,1,282300
830.0,Rural,3,1.0,2.0,7.0,9,1,260100
997.0,Suburb,4,1.8,2.0,19.0,4,0,278000
2138.0,Waterfront,7,2.0,3.0,90.0,8,0,756200
1466.0,Suburb,5,,3.0,39.0,8,0,365600
1712.0,Rural,5,,2.0,46.0,5,1,286300
930.0,Suburb,3,1.3,3.0,23.0,5,0,257900
936.0,Suburb,3,1.0,2.0,6.0,5,1,268800
1546.0,Waterfront,4,1.4,3.0,32.0,6,0,701900
1365.0,Suburb,4,1.4,3.0,11.0,6,1,371700
1597.0,Rural,4,1.5,3.0,10.0,6,0,327700
1261.0,Downtown,3,1.5,3.0,29.0,7,1,399800
1464.0,Suburb,3,2.6,3.0,12.0,4,0,324000
1409.0,Rural,4,1.8,4.0,27.0,5,0,294100
1718.0,Rural,6,1.9,2.0,16.0,7,1,338600
1734.0,Suburb,5,,2.0,26.0,7,0,356400
798.0,Suburb,3,1.0,2.0,18.0,4,1,231400
653.0,Rural,4,1.0,2.0,27.0,6,1,183300
1846.0,Suburb,6,2.3,0.0,69.0,8,1,400000
1959.0,Waterfront,6,2.0,3.0,46.0,6,0,698900
966.0,Downtown,3,1.5,1.0,25.0,4,0,295300
739.0,Downtown,2,1.0,2.0,62.0,7,0,280500
1383.0,Rural,4,1.8,1.0,36.0,9,1,240000
1804.0,Suburb,5,2.1,,59.0,5,0,368500
2381.0,Suburb,8,2.6,1.0,8.0,7,1,521500
1580.0,Suburb,6,1.4,1.0,12.0,8,1,384600
1189.0,Waterfront,3,1.3,2.0,32.0,6,0,573500
1006.0,Suburb,3,1.4,1.0,24.0,3,1,241300
1344.0,Waterfront,4,1.3,2.0,27.0,7,0,588800
1217.0,Suburb,4,1.5,2.0,40.0,5,0,286800
968.0,Suburb,4,1.0,3.0,32.0,4,0,264800
2580.0,Downtown,10,3.1,1.0,49.0,5,1,527100
2371.0,Suburb,7,2.7,1.0,48.0,8,1,495300
1927.0,Downtown,6,1.7,2.0,13.0,5,0,469000
998.0,Downtown,4,1.0,2.0,3.0,6,0,356600
1761.0,Suburb,5,2.3,3.0,12.0,7,0,410900
1644.0,Rural,5,1.4,1.0,11.0,7,0,313200
1543.0,Suburb,5,1.3,2.0,28.0,7,0,388100
1998.0,Suburb,4,2.2,3.0,28.0,7,1,427100
1641.0,Suburb,5,2.6,4.0,23.0,6,1,412900
1697.0,Suburb,5,1.7,1.0,37.0,5,0,366100
1642.0,Rural,6,2.0,1.0,115.0,5,1,231800
1494.0,Rural,5,1.8,2.0,23.0,6,1,308500
757.0,Rural,1,1.0,2.0,33.0,6,0,169700
1376.0,Downtown,4,1.6,1.0,27.0,7,1,388600
1121.0,Suburb,2,1.1,2.0,17.0,7,0,296100
889.0,Rural,2,1.0,3.0,41.0,6,0,206200
2294.0,Waterfront,8,2.0,1.0,22.0,6,0,846600
2329.0,Suburb,7,2.6,3.0,14.0,4,1,457400
2069.0,Suburb,7,2.6,2.0,15.0,6,0,476800
1453.0,Rural,3,1.6,2.0,50.0,4,0,256400
2064.0,Waterfront,6,2.7,3.0,40.0,6,0,792500
1345.0,Suburb,4,1.7,2.0,19.0,6,0,313200
1429.0,Downtown,5,1.6,2.0,37.0,6,0,422700
944.0,Rural,3,1.0,3.0,27.0,8,0,238200
1521.0,Rural,5,1.5,2.0,33.0,7,1,292100
1366.0,Downtown,5,1.0,2.0,17.0,9,0,427500
883.0,Suburb,3,1.0,2.0,12.0,7,0,275200
1318.0,Suburb,5,1.5,3.0,22.0,8,1,360600
1306.0,Rural,3,2.1,1.0,13.0,6,1,273200
2381.0,Rural,7,2.8,1.0,12.0,5,0,365600
1783.0,Downtown,6,1.7,1.0,8.0,6,0,467000
1344.0,Downtown,3,1.0,2.0,3.0,6,0,392000
1450.0,Rural,5,1.5,1.0,19.0,5,0,245700
1359.0,Downtown,4,1.8,1.0,57.0,5,1,377500
1255.0,Suburb,5,1.3,1.0,48.0,7,0,319000
947.0,Suburb,3,1.2,3.0,75.0,4,0,225200
1276.0,Suburb,4,1.4,1.0,12.0,4,0,316600
1055.0,Rural,4,1.4,1.0,42.0,4,0,167900
898.0,Downtown,2,1.0,2.0,25.0,5,0,287400
1577.0,Rural,4,2.3,3.0,15.0,5,1,270800
1518.0,Suburb,5,1.3,2.0,52.0,6,0,333200
756.0,Suburb,2,1.1,2.0,25.0,7,0,266100
1288.0,Rural,4,1.3,3.0,5.0,7,1,284600
1842.0,Downtown,6,2.0,3.0,47.0,6,0,467900
1880.0,Rural,7,2.0,2.0,35.0,5,0,284600
1860.0,Downtown,6,2.2,2.0,30.0,6,0,442700
1356.0,Waterfront,4,1.7,2.0,10.0,7,0,704800
1022.0,Downtown,2,1.5,1.0,32.0,7,0,333600
947.0,Suburb,3,1.5,2.0,69.0,6,0,218800
1496.0,Downtown,5,1.8,3.0,34.0,8,1,459800
1512.0,Suburb,5,2.3,3.0,7.0,9,1,448800
2022.0,Downtown,6,2.3,2.0,36.0,6,0,483300
1905.0,Downtown,7,2.5,0.0,35.0,9,0,459800
1284.0,Downtown,5,1.6,1.0,45.0,6,1,364400
900.0,Downtown,4,1.0,1.0,34.0,7,0,322000
1209.0,Rural,4,,2.0,12.0,7,0,256500
1436.0,Suburb,6,1.8,1.0,28.0,3,1,344400
1256.0,Downtown,4,1.4,,22.0,5,0,357100
1113.0,Waterfront,3,1.4,3.0,31.0,4,1,639900
1452.0,Suburb,5,1.9,2.0,54.0,4,0,319700
1140.0,Downtown,4,1.3,2.0,16.0,7,1,385300
1096.0,Suburb,5,1.0,1.0,83.0,9,0,294800
1480.0,Suburb,6,2.2,1.0,36.0,6,0,374000
1178.0,Suburb,5,1.2,1.0,48.0,7,0,314600
1448.0,Rural,5,1.3,1.0,43.0,8,1,273500
1462.0,Suburb,5,1.2,2.0,35.0,6,0,326100
930.0,Waterfront,2,1.0,2.0,40.0,6,0,506000
1148.0,Rural,4,1.1,,0.0,6,1,217400
2122.0,Waterfront,6,2.1,2.0,43.0,7,0,813000
923.0,Suburb,3,1.0,3.0,13.0,7,0,292000
680.0,Suburb,2,1.0,4.0,,6,0,244000
738.0,Rural,3,1.5,3.0,35.0,6,1,213000
1352.0,Rural,4,1.8,2.0,55.0,6,0,236900
1353.0,Downtown,5,1.9,3.0,13.0,4,0,421700
1290.0,Downtown,2,1.3,3.0,19.0,7,1,381900
1975.0,Downtown,6,2.2,0.0,21.0,5,0,439000
569.0,Downtown,3,1.0,3.0,31.0,6,0,246100
1520.0,Rural,6,1.5,2.0,22.0,7,0,301900
2208.0,Rural,7,2.3,2.0,40.0,5,0,354000
934.0,Downtown,4,1.3,2.0,6.0,5,0,319800
1186.0,Suburb,4,1.7,2.0,24.0,9,0,327100
1053.0,Downtown,3,1.2,1.0,73.0,6,1,322400
1006.0,Rural,4,1.0,2.0,22.0,4,1,189600
1207.0,Rural,4,1.2,2.0,36.0,7,0,257100
2115.0,Downtown,6,1.8,2.0,50.0,6,0,457900
2411.0,Suburb,7,2.7,2.0,35.0,4,0,457200
1203.0,Waterfront,3,1.4,2.0,87.0,7,1,594300
2464.0,Suburb,8,2.6,3.0,29.0,6,1,506900
1355.0,Rural,4,1.6,3.0,41.0,7,1,261700
2348.0,Suburb,7,2.8,3.0,32.0,6,1,504700
1300.0,Downtown,4,1.5,2.0,64.0,7,1,363300
1397.0,Suburb,5,1.1,,20.0,6,1,421000
1506.0,Downtown,5,1.6,3.0,92.0,3,1,289800
3704.0,Rural,11,4.3,4.0,16.0,8,0,535700
1759.0,Rural,5,2.5,3.0,78.0,6,0,289400
1068.0,Suburb,4,1.1,2.0,12.0,8,0,326400
1826.0,Suburb,5,2.2,1.0,42.0,7,0,402700
1193.0,Rural,4,1.6,2.0,27.0,7,0,233700
1145.0,Waterfront,5,1.2,2.0,49.0,5,0,572200
1791.0,Suburb,7,2.4,2.0,37.0,5,1,398400
1353.0,Rural,5,1.9,1.0,47.0,6,0,235800
1464.0,Downtown,5,2.1,3.0,12.0,6,0,429100
1345.0,Rural,6,1.7,1.0,7.0,8,1,275900
1492.0,Suburb,3,2.5,1.0,10.0,6,0,367000
1535.0,Downtown,4,,2.0,10.0,5,0,436400
721.0,Rural,3,1.5,1.0,12.0,5,0,170500
1658.0,Rural,5,2.1,1.0,17.0,8,0,293700
978.0,Rural,4,1.6,1.0,17.0,6,1,246200
844.0,Suburb,3,1.0,1.0,28.0,5,0,221200
1315.0,Rural,4,1.8,2.0,14.0,8,1,298900
1376.0,Rural,4,2.0,2.0,15.0,5,0,262300
1073.0,Suburb,3,1.0,2.0,23.0,3,1,260100
1747.0,Downtown,5,1.9,2.0,54.0,5,0,431500
872.0,Rural,3,1.0,3.0,20.0,6,0,225700
1176.0,Suburb,3,1.2,3.0,26.0,6,0,314000
1111.0,Suburb,4,1.0,2.0,29.0,4,0,236000
1320.0,Rural,5,1.4,2.0,13.0,8,1,298800
1464.0,Downtown,5,2.6,,21.0,6,1,401200
970.0,Rural,2,1.7,2.0,16.0,6,0,217900
1689.0,Suburb,4,1.4,2.0,50.0,7,1,367100
1367.0,Downtown,4,1.7,3.0,48.0,4,0,384300
731.0,Waterfront,4,1.1,0.0,15.0,6,1,534900
716.0,Rural,3,1.0,2.0,26.0,7,0,175800
1334.0,Downtown,4,1.5,2.0,41.0,8,0,416400
1248.0,Waterfront,4,1.5,2.0,34.0,7,0,659500
1296.0,Waterfront,5,1.0,1.0,37.0,7,0,656800
1327.0,Rural,3,1.1,,13.0,4,1,263000
1440.0,Downtown,5,1.7,3.0,76.0,6,0,391900
1814.0,Downtown,6,2.1,1.0,17.0,5,0,428600
,Rural,3,1.0,1.0,,8,1,213900
921.0,Rural,3,1.0,3.0,9.0,7,0,245400
944.0,Downtown,4,1.0,2.0,24.0,4,0,296500
1469.0,Suburb,4,1.9,2.0,57.0,6,1,325700
1995.0,Downtown,5,2.2,1.0,34.0,7,0,451000
1167.0,Suburb,4,1.9,2.0,26.0,7,1,340600
602.0,Suburb,1,1.0,3.0,45.0,3,0,190700
776.0,Downtown,2,1.0,,56.0,3,0,220100
1026.0,Suburb,4,,1.0,48.0,6,0,239100
1120.0,Suburb,4,1.5,1.0,5.0,2,0,295700
1175.0,Suburb,4,1.0,2.0,46.0,6,0,293500
1356.0,Rural,5,2.2,2.0,38.0,7,0,282100
1212.0,Downtown,5,1.0,3.0,15.0,8,1,367900
1874.0,Downtown,5,,3.0,38.0,6,0,460100
1079.0,Suburb,4,1.2,2.0,57.0,6,1,264000
1016.0,Suburb,3,1.3,2.0,18.0,7,0,303400
1561.0,Downtown,6,2.2,2.0,50.0,5,1,415900
819.0,Waterfront,3,1.2,2.0,34.0,7,0,560600
1517.0,Downtown,6,1.4,1.0,1.0,7,1,447200
1384.0,Downtown,4,1.7,1.0,27.0,5,0,368300
1278.0,Rural,5,2.1,1.0,33.0,6,0,224700
2227.0,Waterfront,7,2.2,2.0,22.0,6,0,821300
1098.0,Suburb,3,2.0,2.0,35.0,7,1,331100
2590.0,Downtown,8,3.0,1.0,25.0,6,1,566400
1246.0,Suburb,4,,2.0,104.0,6,1,277200
890.0,Downtown,3,1.0,1.0,21.0,5,0,314800
1370.0,Suburb,4,1.4,1.0,15.0,5,0,341400
949.0,Suburb,2,1.0,1.0,48.0,6,0,252600
1053.0,Suburb,3,1.0,1.0,23.0,5,1,273000
1521.0,Suburb,4,1.6,2.0,26.0,7,0,359600
1600.0,Rural,6,1.4,2.0,24.0,7,1,312000
1098.0,Downtown,3,1.5,3.0,46.0,5,1,284400
1837.0,Downtown,6,2.0,2.0,12.0,7,0,506700
1940.0,Rural,7,1.9,2.0,50.0,5,1,299700
2121.0,Downtown,7,2.2,3.0,40.0,4,0,469000
1587.0,Downtown,4,1.9,1.0,83.0,5,0,342400
2072.0,Downtown,6,2.3,3.0,32.0,7,0,502000
734.0,Suburb,3,1.0,3.0,12.0,6,0,243400
1210.0,Suburb,4,1.4,3.0,32.0,6,0,316500
1015.0,Suburb,4,1.1,2.0,35.0,7,1,308400
1392.0,Suburb,4,1.1,3.0,61.0,5,1,267800
1116.0,Suburb,2,1.1,,12.0,5,0,269300
1270.0,Downtown,5,1.6,1.0,7.0,8,1,435700
2446.0,Rural,7,2.9,2.0,32.0,4,1,377400
1269.0,Waterfront,3,1.3,2.0,85.0,5,0,542500
1529.0,Suburb,5,1.9,1.0,44.0,5,0,315900
1243.0,Suburb,5,1.0,3.0,45.0,6,1,327300
1372.0,Rural,3,1.2,1.0,9.0,6,0,242600
1342.0,Downtown,6,,2.0,29.0,7,0,393600
1546.0,Suburb,4,2.2,1.0,61.0,7,1,318600
1945.0,Waterfront,6,2.2,2.0,35.0,5,1,761400
2269.0,Downtown,6,2.4,1.0,7.0,6,1,516300
1479.0,Downtown,5,2.2,1.0,28.0,6,1,423000
1618.0,Suburb,5,1.7,2.0,42.0,7,0,373000
927.0,Suburb,2,1.8,3.0,26.0,9,1,308700
1302.0,Suburb,6,1.3,2.0,14.0,7,1,379100
1810.0,Downtown,5,1.7,2.0,49.0,5,0,394500
1767.0,Rural,5,1.9,2.0,20.0,6,0,306700
1433.0,Downtown,5,1.5,2.0,37.0,6,0,373300
1779.0,Waterfront,7,1.7,3.0,28.0,6,1,790200
1567.0,Downtown,6,2.7,2.0,20.0,7,1,466600
1967.0,Downtown,5,,3.0,91.0,3,1,416600
1469.0,Suburb,5,1.8,3.0,18.0,7,0,375800
1195.0,Downtown,2,1.2,1.0,29.0,5,1,276900
1491.0,Suburb,5,1.5,1.0,28.0,6,0,336600
524.0,Downtown,1,,2.0,32.0,8,1,310800
1514.0,Suburb,4,1.1,1.0,87.0,4,0,262500
417.0,Downtown,1,1.0,2.0,42.0,6,1,195500
772.0,Suburb,3,1.0,3.0,19.0,7,0,284100
1548.0,Downtown,5,2.2,1.0,70.0,6,0,380400
1561.0,Suburb,6,1.6,3.0,47.0,4,0,318500
923.0,Downtown,3,1.2,2.0,20.0,8,1,349000
1066.0,Rural,4,1.2,4.0,63.0,6,0,197600
2077.0,Rural,6,2.8,1.0,9.0,6,1,363500
1147.0,Downtown,5,1.0,2.0,11.0,6,0,369100
2746.0,Downtown,8,3.3,1.0,6.0,6,0,586400
1339.0,Downtown,5,1.4,1.0,4.0,4,0,373800
1526.0,Downtown,6,2.0,3.0,61.0,6,0,375900
2247.0,Suburb,7,2.2,,32.0,6,0,476300
1397.0,Suburb,5,1.6,3.0,7.0,7,0,389600
972.0,Waterfront,1,,1.0,27.0,7,0,559900
1293.0,Rural,4,1.1,3.0,51.0,8,0,253700
1324.0,Downtown,5,1.0,1.0,15.0,6,0,401200
865.0,Downtown,3,1.0,1.0,22.0,5,0,290800
1234.0,Downtown,3,1.4,2.0,94.0,4,1,295700
1056.0,Downtown,3,1.0,2.0,23.0,9,0,399600
1800.0,Suburb,4,1.9,2.0,7.0,7,0,405100
1354.0,Downtown,5,1.0,3.0,18.0,5,0,415400
1224.0,Downtown,3,1.2,3.0,6.0,8,0,431200
1295.0,Downtown,5,1.8,3.0,44.0,8,0,397900
1439.0,Suburb,5,1.8,1.0,14.0,4,0,323700
1632.0,Downtown,5,1.8,3.0,13.0,5,0,435700
973.0,Waterfront,3,1.2,4.0,99.0,6,1,497600
960.0,Suburb,3,1.0,2.0,10.0,4,1,261600
1907.0,Suburb,6,2.7,1.0,8.0,6,0,434500
1174.0,Suburb,3,2.0,1.0,,7,0,308500
851.0,Suburb,3,1.0,2.0,52.0,4,0,214200
1544.0,Suburb,4,2.6,4.0,40.0,7,0,366700
1554.0,Suburb,4,1.5,2.0,18.0,8,1,365000
821.0,Suburb,2,1.0,2.0,17.0,6,0,275200
1441.0,Suburb,4,1.4,1.0,38.0,6,0,320800
1695.0,Downtown,5,1.8,1.0,33.0,5,1,441800
1510.0,Suburb,4,2.5,3.0,25.0,7,1,377600
1640.0,Suburb,6,1.7,2.0,41.0,5,0,344500
,Suburb,3,1.0,4.0,11.0,6,1,278400
1489.0,Waterfront,5,1.3,3.0,14.0,6,1,717700
1216.0,Suburb,4,1.8,3.0,43.0,8,1,337300
1148.0,Rural,4,1.6,2.0,35.0,5,0,233700
1770.0,Suburb,6,1.8,1.0,29.0,6,1,391400
2150.0,Suburb,7,1.7,1.0,97.0,5,0,400800
2378.0,Suburb,8,2.2,1.0,47.0,7,0,470200
2040.0,Downtown,5,2.9,3.0,19.0,6,0,480700
1293.0,Downtown,3,1.7,2.0,15.0,5,0,347700
1499.0,Suburb,5,1.7,3.0,36.0,5,0,350400
1712.0,Downtown,5,2.6,2.0,60.0,7,0,401800
1392.0,Downtown,5,2.2,2.0,5.0,5,0,416800
1397.0,Rural,4,1.5,1.0,34.0,5,1,261300
1743.0,Suburb,6,1.9,2.0,22.0,8,0,429900
1314.0,Downtown,3,1.3,2.0,32.0,6,0,346300
1061.0,Downtown,3,1.1,3.0,8.0,7,1,394800
1173.0,Rural,3,1.0,1.0,60.0,5,0,200300
1641.0,Waterfront,5,1.3,2.0,71.0,6,1,643900
1341.0,Suburb,3,1.0,3.0,44.0,6,0,308600
1493.0,Downtown,5,2.0,2.0,81.0,8,0,389200
1660.0,Suburb,4,1.3,3.0,21.0,8,0,384300
1188.0,Suburb,3,2.0,2.0,34.0,8,0,331300
1706.0,Rural,6,1.6,4.0,45.0,5,1,312700
1512.0,Suburb,5,2.3,2.0,36.0,5,0,359200
902.0,Rural,2,1.0,3.0,23.0,7,0,219200
2125.0,Suburb,6,,2.0,25.0,9,0,469700
1141.0,Rural,3,,1.0,67.0,8,1,216100
789.0,Suburb,1,1.4,1.0,27.0,6,0,235600
959.0,Suburb,3,1.0,3.0,58.0,7,1,244300
966.0,Suburb,3,1.0,1.0,26.0,7,1,293500
1362.0,Suburb,5,1.2,3.0,58.0,6,0,324400
1227.0,Rural,4,1.3,2.0,30.0,6,1,245100
1203.0,Suburb,4,1.4,3.0,42.0,6,1,295700
1633.0,Waterfront,5,1.7,2.0,16.0,5,0,711800
1493.0,Suburb,4,1.0,1.0,34.0,5,0,344700
1482.0,Suburb,4,1.4,2.0,17.0,5,0,358800
1527.0,Suburb,4,1.9,,20.0,4,1,345600
1631.0,Downtown,5,1.7,1.0,22.0,6,0,461500
682.0,Rural,2,1.0,4.0,25.0,6,0,231000
1192.0,Downtown,4,1.0,1.0,54.0,7,1,332700
667.0,Suburb,4,1.0,1.0,20.0,7,0,251600
1355.0,Downtown,3,2.0,2.0,31.0,8,0,413200
1337.0,Rural,4,1.1,3.0,58.0,8,1,244100
1872.0,Waterfront,5,2.3,0.0,42.0,5,1,744800
1959.0,Rural,6,2.2,3.0,6.0,5,0,338500
1429.0,Suburb,4,1.7,1.0,8.0,7,0,368800
1141.0,Suburb,4,1.0,2.0,37.0,8,1,310100
1564.0,Downtown,5,1.6,1.0,19.0,8,0,421700
1131.0,Waterfront,3,1.3,4.0,7.0,7,1,616800
1339.0,Downtown,4,1.3,2.0,18.0,3,0,379300
1836.0,Waterfront,5,2.2,1.0,38.0,7,1,785800
1120.0,Rural,3,1.4,2.0,22.0,7,1,257100
,Rural,5,2.7,2.0,29.0,8,0,325600
1664.0,Rural,5,1.9,2.0,23.0,8,0,278400
987.0,Suburb,3,1.0,2.0,,7,1,291900
1829.0,Suburb,6,2.4,2.0,33.0,6,1,399800
1675.0,Suburb,5,1.8,1.0,6.0,5,0,357400
1384.0,Downtown,3,2.2,2.0,14.0,7,0,375900
1049.0,Rural,4,1.7,2.0,47.0,5,0,191100
1017.0,Suburb,3,1.0,1.0,8.0,8,0,314700
1128.0,Rural,4,1.5,3.0,28.0,4,0,221600
1593.0,Rural,6,1.6,2.0,20.0,7,0,313700
987.0,Downtown,3,1.1,2.0,19.0,6,0,372200
1541.0,Downtown,4,1.9,3.0,50.0,6,1,413700
900.0,Suburb,3,1.4,1.0,57.0,5,1,234100
1255.0,Downtown,4,1.7,1.0,12.0,3,1,385600
1387.0,Suburb,4,1.6,3.0,25.0,5,1,310300
2929.0,Rural,9,4.1,3.0,4.0,6,0,433700
862.0,Rural,3,1.0,4.0,48.0,7,0,191500
2145.0,Suburb,7,1.8,2.0,27.0,6,0,453500
1405.0,Rural,4,1.1,2.0,7.0,7,0,283300
1528.0,Suburb,4,2.2,3.0,15.0,4,1,338200
1391.0,Waterfront,5,1.5,3.0,11.0,7,1,701300
1544.0,Rural,4,1.8,2.0,14.0,3,1,247300
1275.0,Rural,4,1.2,3.0,5.0,9,0,273800
2133.0,Downtown,7,2.2,,67.0,6,0,494700
1157.0,Rural,2,1.0,2.0,12.0,2,1,206300
1924.0,Suburb,6,2.3,1.0,28.0,5,0,427800
1090.0,Suburb,4,1.2,2.0,,5,0,261600
1314.0,Suburb,5,1.6,2.0,57.0,5,1,310500
950.0,Suburb,3,,1.0,29.0,5,1,269300
1549.0,Downtown,3,1.6,1.0,23.0,5,0,405100
2127.0,Downtown,8,1.9,2.0,30.0,5,0,493100
1307.0,Rural,4,1.0,2.0,12.0,4,1,261600
1258.0,Suburb,3,2.5,2.0,12.0,7,1,363600
,Waterfront,2,1.6,2.0,22.0,8,0,572500
1245.0,Rural,4,1.9,2.0,3.0,6,1,281700
805.0,Suburb,3,1.0,2.0,16.0,6,0,264600
1000.0,Rural,3,1.1,1.0,19.0,4,1,193800
1440.0,Suburb,5,1.3,3.0,88.0,6,0,309200
2043.0,Suburb,5,1.8,2.0,62.0,7,1,422800
3291.0,Waterfront,10,3.5,2.0,37.0,7,1,1071700
1110.0,Waterfront,2,1.7,2.0,49.0,6,0,557800
2120.0,Downtown,6,2.6,1.0,12.0,7,0,490900
1448.0,Rural,6,1.3,2.0,30.0,5,1,239100
1276.0,Downtown,5,1.3,2.0,45.0,8,0,374000
1538.0,Waterfront,5,2.0,2.0,12.0,6,1,751000
1366.0,Suburb,4,1.3,3.0,8.0,8,0,362400
1388.0,Downtown,4,1.6,2.0,35.0,7,0,417600
1175.0,Rural,4,1.4,3.0,9.0,9,1,283700
856.0,Suburb,2,1.1,3.0,40.0,7,0,261100
817.0,Downtown,2,1.0,4.0,56.0,6,1,283300
1651.0,Rural,6,1.6,2.0,13.0,5,0,308100
1226.0,Rural,3,1.2,2.0,14.0,5,0,224500
1107.0,Suburb,3,1.0,2.0,55.0,7,0,277200
1343.0,Rural,4,1.0,3.0,29.0,6,0,246600
1727.0,Downtown,6,1.9,1.0,50.0,6,1,410300
1419.0,Suburb,4,1.9,1.0,23.0,7,0,350500
1086.0,Suburb,3,1.0,3.0,24.0,6,0,296300
1983.0,Downtown,7,2.3,1.0,28.0,8,1,527500
2220.0,Suburb,8,2.7,2.0,77.0,5,0,406400
1569.0,Waterfront,5,1.1,1.0,48.0,8,0,704000
1829.0,Rural,6,1.9,3.0,16.0,7,1,340900
1993.0,Suburb,7,2.8,3.0,32.0,8,1,483900
1923.0,Suburb,6,2.3,2.0,22.0,8,0,432500
1630.0,Rural,4,1.2,3.0,,6,1,292200
1622.0,Rural,5,2.0,2.0,39.0,6,0,291600
1582.0,Downtown,6,1.5,4.0,34.0,9,0,452700
943.0,Suburb,3,1.3,3.0,13.0,5,0,291800
1676.0,Downtown,5,1.6,1.0,28.0,7,1,485800
868.0,Downtown,2,1.0,2.0,18.0,5,0,280400
1039.0,Suburb,3,1.0,2.0,37.0,3,1,279300
2033.0,Suburb,7,2.3,2.0,18.0,5,0,418200
1753.0,Rural,5,1.7,1.0,24.0,7,0,325500
2156.0,Rural,7,2.3,2.0,19.0,8,1,388300
1228.0,Suburb,4,1.0,1.0,6.0,7,1,351900
926.0,Suburb,2,1.2,0.0,75.0,7,0,224900
1240.0,Downtown,4,1.4,2.0,28.0,7,0,369800
1384.0,Downtown,5,1.0,1.0,76.0,5,1,313700
1374.0,Downtown,5,1.9,1.0,29.0,7,0,394600
1925.0,Waterfront,5,2.1,0.0,44.0,7,0,742100
1193.0,Downtown,3,1.4,1.0,17.0,5,0,349000
1499.0,Rural,5,1.9,2.0,17.0,7,1,276900
976.0,Suburb,3,1.2,1.0,27.0,6,0,273900
1547.0,Suburb,6,2.1,2.0,76.0,5,0,337200
1341.0,Rural,6,1.4,3.0,13.0,6,0,289300
1054.0,Waterfront,5,1.5,2.0,4.0,8,0,666700
1242.0,Downtown,3,1.4,3.0,54.0,8,0,414500
1263.0,Rural,4,,,46.0,6,0,230800
1229.0,Downtown,4,1.5,1.0,20.0,6,0,362500
2361.0,Rural,8,3.1,2.0,95.0,5,0,301100
1298.0,Downtown,4,1.7,3.0,98.0,8,0,329300
1239.0,Suburb,5,1.2,2.0,5.0,7,1,386800
685.0,Rural,2,1.0,1.0,16.0,7,0,187400
1006.0,Rural,3,1.1,2.0,27.0,3,0,167900
1231.0,Rural,3,1.1,1.0,37.0,6,0,239400
1075.0,Suburb,4,1.0,1.0,33.0,6,0,289600
2084.0,Rural,6,1.6,1.0,28.0,8,1,364400
1271.0,Suburb,4,1.0,2.0,12.0,5,1,320200
2023.0,Downtown,6,2.9,2.0,40.0,6,1,464700
1366.0,Downtown,4,1.3,3.0,41.0,7,0,380500
1355.0,Downtown,4,2.2,1.0,52.0,5,1,364300
1302.0,Downtown,5,1.6,1.0,10.0,5,0,375600
1341.0,Suburb,4,1.5,,24.0,6,0,338400
2322.0,Downtown,6,2.1,1.0,19.0,9,0,545900
638.0,Suburb,2,1.0,2.0,10.0,7,0,265800
706.0,Downtown,2,1.4,1.0,23.0,7,0,294800
1126.0,Rural,3,,2.0,12.0,6,0,232800
1346.0,Suburb,3,1.6,3.0,9.0,8,1,377400
1670.0,Suburb,5,1.5,1.0,46.0,4,1,329200
1558.0,Suburb,5,1.4,3.0,20.0,9,0,411900
1184.0,Waterfront,2,1.0,2.0,16.0,9,0,688600
1856.0,Waterfront,6,2.5,1.0,60.0,7,0,747900
1862.0,Suburb,7,2.6,1.0,42.0,8,1,392600
1421.0,Waterfront,4,1.6,1.0,4.0,6,0,660000
1823.0,Suburb,6,1.9,2.0,37.0,6,0,377600
1462.0,Rural,5,,2.0,37.0,5,0,247600
1119.0,Downtown,4,1.0,3.0,23.0,6,0,343800
1675.0,Downtown,6,1.9,1.0,22.0,7,0,463000
1388.0,Downtown,2,1.7,2.0,6.0,7,1,429700
1340.0,Rural,5,1.2,1.0,94.0,9,1,230200
2146.0,Downtown,7,2.2,1.0,23.0,7,1,531800
611.0,Downtown,4,1.0,2.0,35.0,4,0,254700
851.0,Suburb,2,1.4,2.0,24.0,8,0,284700
916.0,Waterfront,2,1.7,1.0,16.0,4,1,577400
1192.0,Suburb,4,1.4,2.0,48.0,5,0,270200
,Rural,4,1.3,1.0,31.0,6,0,236700
827.0,Downtown,3,1.0,2.0,24.0,6,1,291900
977.0,Rural,4,1.1,3.0,35.0,4,0,183800
1017.0,Downtown,3,1.0,2.0,26.0,5,0,289300
2941.0,Suburb,9,3.2,2.0,80.0,5,0,479800
2384.0,Suburb,8,2.8,2.0,47.0,8,0,485300
1174.0,Downtown,3,1.2,2.0,39.0,8,0,355000
1192.0,Suburb,3,1.3,2.0,7.0,4,0,296500
927.0,Suburb,4,1.0,2.0,40.0,7,0,269800
727.0,Downtown,3,1.0,2.0,39.0,7,1,332400
1290.0,Downtown,5,1.3,2.0,12.0,5,1,362000
973.0,Downtown,3,1.3,1.0,7.0,3,1,285000
1304.0,Downtown,3,,1.0,46.0,5,1,319700
803.0,Rural,2,1.4,3.0,50.0,5,0,174100
1050.0,Suburb,3,1.2,3.0,17.0,8,0,332000
1405.0,Downtown,4,1.8,2.0,17.0,6,0,410900
1506.0,Downtown,4,1.9,3.0,31.0,5,0,412800
1531.0,Rural,5,1.5,2.0,20.0,6,1,285700
878.0,Rural,2,1.0,2.0,7.0,4,0,190600
1761.0,Waterfront,5,1.6,1.0,12.0,7,1,817800
1037.0,Downtown,4,1.1,3.0,35.0,5,0,266900
1640.0,Suburb,4,2.1,3.0,13.0,5,0,377200
1335.0,Downtown,4,1.3,3.0,52.0,7,1,386000
862.0,Rural,3,1.2,4.0,39.0,8,0,248500
1211.0,Suburb,4,1.0,1.0,36.0,9,1,304700
1506.0,Suburb,5,1.5,1.0,30.0,5,1,333400
1630.0,Downtown,5,2.2,0.0,,5,1,395300
1280.0,Rural,5,1.4,3.0,43.0,7,1,232900
2187.0,Downtown,8,2.1,3.0,15.0,8,0,548400
1849.0,Rural,6,1.8,2.0,54.0,3,0,280700
1234.0,Downtown,3,1.0,1.0,72.0,6,1,338500
1703.0,Rural,5,1.5,2.0,31.0,6,0,282700
2487.0,Downtown,8,3.1,2.0,66.0,4,0,514000
2508.0,Suburb,7,2.6,3.0,12.0,5,0,492700
904.0,Rural,4,1.0,2.0,39.0,5,0,200400
996.0,Suburb,3,1.0,3.0,27.0,6,0,306000
2154.0,Downtown,7,1.8,2.0,47.0,8,1,508700
955.0,Suburb,4,1.5,3.0,4.0,6,0,327700
877.0,Suburb,3,1.2,3.0,45.0,7,0,246200
1146.0,Suburb,4,1.0,1.0,17.0,6,0,316400
1532.0,Downtown,5,1.5,3.0,28.0,5,0,421700
1296.0,Downtown,3,1.4,3.0,93.0,6,0,329600
1088.0,Suburb,3,1.0,2.0,40.0,7,1,275700
1079.0,Downtown,4,1.0,2.0,37.0,7,0,337700
1066.0,Downtown,3,1.1,3.0,35.0,6,0,338700
1011.0,Rural,4,1.3,1.0,57.0,5,0,194100
2780.0,Downtown,8,3.3,3.0,48.0,8,0,612100
1473.0,Waterfront,3,1.9,2.0,35.0,7,1,728600
1779.0,Rural,6,1.4,3.0,32.0,8,1,308300
1145.0,Suburb,4,1.3,2.0,31.0,5,1,292800
1262.0,Rural,4,1.3,1.0,26.0,5,1,214300
1066.0,Suburb,4,1.2,2.0,10.0,7,0,330000
573.0,Suburb,2,1.0,3.0,40.0,5,1,226500
862.0,Suburb,2,1.0,2.0,18.0,5,0,317100
750.0,Suburb,2,,2.0,24.0,7,1,285000
652.0,Downtown,2,1.1,1.0,,4,0,231700
914.0,Suburb,3,1.1,3.0,27.0,9,0,312400
2047.0,Downtown,6,1.8,3.0,25.0,6,0,483600
1321.0,Suburb,4,1.6,0.0,31.0,7,0,325800
2024.0,Suburb,6,2.1,4.0,22.0,6,0,443200
1528.0,Downtown,5,1.6,2.0,92.0,7,0,319900
1721.0,Downtown,5,1.6,2.0,84.0,6,1,391400
1004.0,Rural,3,1.3,2.0,83.0,7,0,188500
1584.0,Downtown,6,1.5,2.0,35.0,6,0,446300
1691.0,Downtown,5,1.5,2.0,17.0,6,0,435000
1114.0,Suburb,3,1.6,1.0,51.0,8,0,280000
1602.0,Waterfront,4,1.7,,22.0,6,0,705100
1605.0,Suburb,5,1.7,3.0,54.0,5,0,339300
1123.0,Suburb,4,1.5,1.0,16.0,4,0,283600
935.0,Rural,3,1.0,2.0,37.0,8,0,200000
,Suburb,3,1.0,2.0,59.0,5,0,229800
1377.0,Rural,5,1.6,1.0,23.0,9,0,278100
1487.0,Suburb,6,1.1,4.0,23.0,7,1,379100
1039.0,Rural,3,1.2,1.0,8.0,6,1,245400
1351.0,Suburb,3,1.2,1.0,17.0,6,0,314100
1608.0,Downtown,4,2.1,2.0,34.0,9,1,449900
1632.0,Downtown,5,2.0,1.0,38.0,3,1,392700
2201.0,Downtown,6,2.6,2.0,42.0,7,0,501600
2016.0,Suburb,6,1.7,2.0,5.0,6,0,484300
972.0,Waterfront,4,1.0,2.0,22.0,6,0,588700
2296.0,Rural,8,2.1,,9.0,7,0,368100
1130.0,Rural,4,1.2,,33.0,6,1,217000
1871.0,Suburb,7,1.3,3.0,6.0,7,1,426200
1369.0,Rural,4,1.0,2.0,11.0,6,0,253100
1174.0,Rural,3,1.7,2.0,47.0,4,0,213400
751.0,Downtown,3,1.0,3.0,18.0,6,1,292600
1268.0,Suburb,3,1.3,2.0,66.0,7,0,285700
813.0,Suburb,2,1.0,3.0,43.0,5,0,255900
1825.0,Downtown,6,1.6,3.0,23.0,9,0,485400
2176.0,Downtown,7,2.5,3.0,52.0,9,1,548100
1038.0,Suburb,3,1.0,3.0,25.0,7,1,279000
1475.0,Downtown,4,2.2,2.0,45.0,7,1,397200
1062.0,Downtown,3,1.1,2.0,16.0,6,1,334100
1095.0,Rural,4,1.2,2.0,54.0,8,0,231800
1716.0,Suburb,5,1.4,0.0,7.0,9,0,395300
1323.0,Rural,4,1.3,3.0,11.0,7,1,312300
2337.0,Downtown,6,2.7,2.0,13.0,6,1,516300
1148.0,Waterfront,3,1.1,3.0,18.0,6,0,654200
1844.0,Rural,6,1.9,2.0,35.0,7,0,329200
1382.0,Rural,5,1.6,3.0,28.0,7,1,285700
1728.0,Suburb,5,,1.0,46.0,6,0,366500
1161.0,Suburb,2,1.3,1.0,59.0,5,0,287700
1318.0,Suburb,4,1.9,0.0,6.0,8,0,401900
1291.0,Suburb,3,1.7,2.0,64.0,5,0,274800
1025.0,Rural,4,1.5,1.0,24.0,5,0,215600
1656.0,Downtown,5,1.6,1.0,82.0,4,0,333200
1649.0,Downtown,4,1.8,2.0,16.0,5,0,396600
1620.0,Rural,5,1.7,2.0,5.0,8,0,326100
2190.0,Downtown,8,2.6,1.0,43.0,8,0,524200
2130.0,Rural,7,2.6,4.0,41.0,7,0,333300
1188.0,Downtown,4,1.4,2.0,11.0,7,0,393000
1509.0,Suburb,5,2.0,1.0,12.0,6,0,369500
1097.0,Suburb,2,1.0,1.0,48.0,4,1,239200
1349.0,Suburb,3,1.8,2.0,36.0,9,1,347000
1106.0,Rural,2,1.6,2.0,22.0,8,0,252900
2249.0,Rural,8,2.7,3.0,39.0,7,1,399100
1505.0,Downtown,6,1.7,2.0,34.0,5,1,408100
1249.0,Suburb,4,1.6,3.0,14.0,6,0,349400
1962.0,Rural,6,1.9,2.0,50.0,6,1,302100
669.0,Downtown,1,1.0,2.0,44.0,6,0,248400
703.0,Downtown,2,1.0,3.0,28.0,6,0,298600
1728.0,Suburb,7,1.5,3.0,48.0,6,0,350300
1366.0,Rural,4,1.7,3.0,88.0,4,0,206500
1451.0,Suburb,4,1.2,2.0,12.0,9,1,399400
876.0,Downtown,2,1.0,2.0,23.0,6,1,314600
1330.0,Waterfront,5,1.5,0.0,24.0,7,0,665800
2543.0,Waterfront,8,2.6,2.0,47.0,6,0,884800
1744.0,Suburb,4,2.0,3.0,17.0,4,1,369400
1414.0,Suburb,4,,3.0,46.0,6,1,313400
1164.0,Waterfront,3,1.0,2.0,19.0,6,1,622600
1181.0,Suburb,4,1.5,3.0,11.0,7,0,363000
678.0,Rural,2,1.0,2.0,30.0,7,0,202000
1455.0,Suburb,4,2.4,1.0,19.0,7,0,355500
1756.0,Downtown,6,1.9,2.0,32.0,8,1,463900
809.0,Rural,3,1.0,1.0,37.0,8,1,201500
1084.0,Suburb,4,1.0,2.0,7.0,6,1,310300
925.0,Suburb,3,1.4,2.0,20.0,7,0,296300
983.0,Suburb,5,1.0,2.0,30.0,7,1,320500
1363.0,Rural,4,1.0,2.0,48.0,3,1,252200
687.0,Downtown,2,1.1,2.0,44.0,5,1,244200
1630.0,Rural,4,1.7,0.0,15.0,5,1,290300
1705.0,Downtown,5,2.1,2.0,25.0,7,0,459900
,Suburb,3,1.7,2.0,38.0,5,0,288200
606.0,Waterfront,2,1.0,1.0,24.0,6,0,462000
974.0,Rural,2,1.9,2.0,16.0,7,0,235600
1987.0,Rural,6,1.6,2.0,27.0,8,0,373500
551.0,Suburb,1,1.0,3.0,36.0,8,1,249500
1198.0,Suburb,3,1.2,1.0,13.0,4,0,276400
918.0,Suburb,3,1.8,2.0,41.0,4,0,241500
1733.0,Suburb,7,2.6,1.0,31.0,10,0,409600
1079.0,Suburb,3,1.6,2.0,42.0,7,1,299700
1524.0,Suburb,5,1.4,2.0,27.0,7,1,383600
1605.0,Suburb,5,1.5,2.0,80.0,6,0,306700
2411.0,Suburb,7,2.4,2.0,36.0,7,1,426600
1255.0,Suburb,3,1.1,2.0,45.0,3,1,276300
1511.0,Suburb,5,2.2,2.0,41.0,5,1,334600
833.0,Downtown,2,1.0,3.0,25.0,6,1,299100
1960.0,Suburb,8,2.1,2.0,33.0,6,0,405000
1050.0,Downtown,4,1.4,2.0,18.0,5,1,352000
1119.0,Rural,3,1.0,2.0,76.0,10,0,220700
1330.0,Downtown,4,1.5,2.0,38.0,6,1,392600
812.0,Rural,2,1.0,3.0,15.0,6,0,220300
1441.0,Downtown,5,1.5,2.0,65.0,7,0,366500
1825.0,Rural,5,1.8,2.0,26.0,7,1,314600
1471.0,Rural,4,1.4,2.0,50.0,6,1,258400
806.0,Waterfront,2,1.0,1.0,7.0,7,1,572600
1287.0,Rural,4,1.5,1.0,58.0,7,1,212000
1698.0,Rural,6,1.8,1.0,37.0,5,1,312300
734.0,Downtown,3,1.0,3.0,,6,0,322500
950.0,Suburb,3,1.0,0.0,37.0,6,1,253400
1773.0,Suburb,5,2.2,3.0,71.0,6,0,323600
1460.0,Rural,5,1.6,1.0,18.0,7,0,278300
1528.0,Rural,4,1.5,3.0,18.0,7,0,283700
2429.0,Suburb,6,2.4,0.0,24.0,8,0,484700
1556.0,Suburb,5,1.6,2.0,29.0,7,1,336100
1653.0,Suburb,4,2.5,3.0,52.0,6,1,356900
3189.0,Suburb,10,3.5,3.0,39.0,4,0,556000
1251.0,Suburb,4,1.0,2.0,24.0,7,1,330600
1038.0,Suburb,3,1.5,0.0,34.0,7,0,278200
1536.0,Rural,5,1.5,1.0,79.0,5,1,234300
1541.0,Downtown,5,1.8,3.0,43.0,7,0,444400
1132.0,Rural,4,1.0,2.0,26.0,7,0,232900
963.0,Suburb,3,1.5,2.0,24.0,7,1,283700
2805.0,Suburb,9,2.9,2.0,33.0,8,0,519300
1487.0,Suburb,4,2.1,1.0,51.0,7,0,326600
1060.0,Downtown,3,1.0,2.0,16.0,7,0,326500
1796.0,Suburb,7,1.9,2.0,47.0,6,0,398800
1293.0,Rural,4,1.9,2.0,26.0,7,0,260900
,Downtown,4,1.4,2.0,29.0,5,1,376400
1603.0,Downtown,5,2.6,1.0,119.0,8,0,387200
886.0,Suburb,3,1.0,2.0,44.0,4,1,222700
1499.0,Suburb,5,1.8,3.0,19.0,7,0,370800
2470.0,Downtown,8,3.4,2.0,37.0,7,0,589600
1555.0,Suburb,5,1.2,2.0,53.0,8,1,365000
1188.0,Suburb,4,1.0,3.0,44.0,5,1,303500
1139.0,Rural,4,1.0,2.0,4.0,6,1,268900
1175.0,Suburb,4,1.6,2.0,28.0,6,1,332400
1235.0,Suburb,4,1.0,2.0,38.0,7,1,327600
1187.0,Suburb,4,1.5,3.0,36.0,5,1,330200
1796.0,Downtown,5,2.2,2.0,20.0,7,1,472900
769.0,Suburb,2,1.6,2.0,45.0,3,0,216300
1765.0,Rural,5,2.3,1.0,58.0,5,0,267600
1186.0,Waterfront,2,1.4,3.0,7.0,4,1,648200
1511.0,Downtown,5,2.2,1.0,6.0,7,0,422700
934.0,Suburb,2,1.2,2.0,37.0,6,0,231100
2049.0,Suburb,6,2.1,4.0,47.0,7,0,442200
1995.0,Downtown,6,1.8,3.0,18.0,9,1,511800
1821.0,Rural,6,1.8,3.0,4.0,6,0,314300
825.0,Downtown,2,1.0,2.0,28.0,7,1,340700
1746.0,Rural,5,2.0,3.0,37.0,6,1,318500
1525.0,Suburb,5,1.0,2.0,23.0,6,1,354700
801.0,Downtown,2,1.0,2.0,54.0,8,0,231800
1329.0,Rural,4,1.5,4.0,35.0,9,1,296600
1505.0,Downtown,5,1.9,2.0,17.0,6,1,438000
1600.0,Rural,4,2.3,2.0,18.0,7,0,308000
1418.0,Rural,4,,1.0,29.0,7,1,278400
1470.0,Suburb,4,1.3,3.0,,7,0,359300
2146.0,Downtown,7,1.7,2.0,6.0,7,1,529200
1983.0,Suburb,5,2.4,3.0,33.0,6,1,403900
535.0,Suburb,1,1.0,1.0,18.0,1,0,154000
1210.0,Suburb,4,,2.0,21.0,8,1,353100
1271.0,Suburb,5,1.9,1.0,12.0,5,0,331000
765.0,Suburb,3,1.0,3.0,73.0,5,1,229500
1380.0,Rural,3,1.7,2.0,42.0,6,1,231100
1997.0,Rural,6,2.7,2.0,84.0,5,0,260800
946.0,Suburb,4,1.4,,23.0,6,1,284900
1492.0,Downtown,4,1.0,1.0,44.0,6,1,358700
999.0,Suburb,3,1.0,3.0,33.0,5,0,273300
1080.0,Suburb,3,1.0,1.0,17.0,6,1,276000
2149.0,Rural,6,2.6,2.0,23.0,7,0,376400
1126.0,Rural,5,1.4,2.0,42.0,7,0,222900
1553.0,Rural,5,1.0,3.0,12.0,4,0,296600
736.0,Downtown,3,1.0,2.0,54.0,5,0,264000
2431.0,Rural,7,3.0,2.0,32.0,8,0,379300
1624.0,Rural,5,1.9,2.0,50.0,5,0,294800
1263.0,Downtown,5,1.5,0.0,37.0,5,1,352700
1610.0,Downtown,5,1.7,1.0,7.0,5,0,424000
853.0,Downtown,3,1.0,2.0,28.0,6,1,311100
1956.0,Suburb,5,2.2,1.0,55.0,6,0,390700
1208.0,Suburb,3,1.4,1.0,31.0,6,0,308700
1255.0,Downtown,5,1.6,3.0,28.0,5,1,356800
1144.0,Suburb,3,1.5,2.0,31.0,7,0,304600
1112.0,Rural,2,1.3,2.0,6.0,8,0,258000
1673.0,Rural,6,2.2,1.0,59.0,4,1,269100
1454.0,Rural,4,1.5,2.0,3.0,4,0,274200
1650.0,Rural,5,1.3,2.0,67.0,8,0,278600
,Suburb,5,1.7,2.0,22.0,8,1,356500
1578.0,Rural,5,1.8,2.0,38.0,3,0,241000
1171.0,Suburb,4,1.5,1.0,5.0,7,1,318000
2734.0,Rural,8,2.6,2.0,,9,0,431800
811.0,Rural,1,1.5,3.0,42.0,5,0,169600
2005.0,Suburb,6,2.5,3.0,40.0,9,0,446600
2075.0,Suburb,7,2.2,3.0,5.0,6,0,462500
1020.0,Suburb,3,1.0,2.0,15.0,6,1,299800
2734.0,Suburb,8,3.4,2.0,37.0,6,1,524600
1842.0,Downtown,6,,2.0,58.0,8,1,438300
1828.0,Downtown,4,2.8,1.0,14.0,8,0,488100
1351.0,Suburb,5,1.3,1.0,14.0,9,1,370900
1249.0,Downtown,4,2.0,2.0,35.0,8,1,392600
1253.0,Rural,5,1.3,,112.0,6,0,206300
1518.0,Suburb,5,2.2,3.0,17.0,10,0,425000
2097.0,Rural,6,2.1,3.0,21.0,8,0,356600
1419.0,Suburb,4,1.6,1.0,19.0,7,0,348000
1001.0,Downtown,3,1.4,3.0,26.0,4,0,344100
1744.0,Suburb,6,2.2,2.0,61.0,4,0,335300
1799.0,Rural,6,2.4,3.0,27.0,4,1,306000
1652.0,Downtown,4,1.7,3.0,119.0,5,0,342100
1700.0,Suburb,4,1.9,3.0,30.0,8,0,402400
1228.0,Downtown,4,1.8,2.0,64.0,7,1,343600
995.0,Suburb,4,1.0,3.0,,5,0,268800
1015.0,Downtown,3,1.3,1.0,10.0,6,0,339100
794.0,Suburb,3,1.0,3.0,27.0,5,0,262700
1445.0,Downtown,5,1.7,2.0,40.0,7,1,431500
1304.0,Rural,4,1.5,2.0,16.0,5,0,228700
1164.0,Downtown,3,1.0,,58.0,6,1,347500
520.0,Downtown,2,1.0,2.0,,6,1,266300
899.0,Downtown,4,1.0,3.0,12.0,5,1,350700
1917.0,Waterfront,6,,2.0,105.0,9,1,711800
1083.0,Suburb,4,1.8,3.0,15.0,6,1,294600
1503.0,Suburb,4,2.0,2.0,19.0,5,1,331900
858.0,Suburb,3,1.1,3.0,45.0,7,0,259000
2123.0,Rural,7,2.1,2.0,22.0,7,0,364900
1279.0,Downtown,4,1.1,1.0,13.0,7,0,385600
1470.0,Rural,5,2.3,2.0,18.0,5,0,270400
2819.0,Rural,7,2.8,3.0,87.0,8,0,413700
2176.0,Downtown,7,2.5,2.0,41.0,10,1,550700
1214.0,Downtown,4,1.5,2.0,47.0,4,0,325500
1108.0,Suburb,3,1.1,4.0,34.0,6,0,354800
1207.0,Downtown,4,1.0,3.0,38.0,5,0,340200
1577.0,Suburb,4,1.5,3.0,21.0,10,1,403800
1295.0,Suburb,4,1.2,2.0,31.0,8,0,347100
1180.0,Downtown,5,1.1,3.0,4.0,6,1,408000
2142.0,Rural,7,2.8,3.0,53.0,5,0,334000
,Suburb,4,1.4,0.0,21.0,5,0,308500
2796.0,Suburb,9,2.9,2.0,11.0,8,1,601700
1379.0,Suburb,4,1.6,2.0,32.0,4,1,340400
2372.0,Suburb,9,2.9,2.0,25.0,5,1,479500
1502.0,Suburb,5,1.5,2.0,52.0,6,1,326200
1823.0,Rural,5,2.3,1.0,27.0,7,0,321000
1062.0,Suburb,2,1.0,1.0,18.0,6,1,280700
1019.0,Suburb,4,1.5,3.0,28.0,5,1,307900
1552.0,Rural,5,1.7,2.0,69.0,8,1,280100
1838.0,Suburb,5,2.0,0.0,53.0,5,1,407400
1357.0,Downtown,5,1.3,2.0,41.0,7,1,418400
887.0,Downtown,3,1.0,3.0,54.0,6,0,269400
867.0,Suburb,3,1.0,2.0,44.0,7,0,251200
848.0,Rural,3,1.0,3.0,14.0,7,0,194200
761.0,Rural,2,1.1,3.0,47.0,5,1,145200
1387.0,Suburb,5,1.2,1.0,58.0,5,0,295600
1920.0,Downtown,6,1.6,2.0,60.0,4,1,393700
1334.0,Rural,4,1.2,2.0,12.0,3,0,261000
650.0,Suburb,2,1.0,1.0,19.0,5,0,246300
1260.0,Waterfront,5,1.3,1.0,17.0,6,0,635300
1271.0,Rural,4,1.4,,23.0,5,0,232200
2619.0,Suburb,9,3.3,1.0,39.0,6,1,534000
840.0,Suburb,4,1.4,2.0,32.0,8,0,316500
,Suburb,3,2.0,3.0,32.0,7,0,305100
2312.0,Suburb,5,2.0,2.0,9.0,5,0,437600
1547.0,Suburb,6,1.4,3.0,19.0,6,0,367600
1604.0,Downtown,5,2.0,2.0,63.0,7,0,408100
1389.0,Downtown,4,1.4,2.0,58.0,5,0,332800
1489.0,Rural,4,2.0,2.0,27.0,5,1,276500
1718.0,Suburb,5,2.0,2.0,47.0,6,1,406900
1034.0,Rural,4,1.7,4.0,36.0,7,1,222900
1774.0,Suburb,6,2.3,0.0,51.0,8,0,376700
863.0,Rural,4,1.3,1.0,49.0,5,0,158300
1488.0,Rural,5,,2.0,29.0,7,0,267400
1418.0,Rural,4,1.5,2.0,42.0,6,0,247500
1100.0,Suburb,3,1.1,1.0,38.0,5,0,254400
1330.0,Waterfront,5,1.0,1.0,29.0,6,0,650500
1097.0,Suburb,4,1.7,1.0,25.0,4,0,279700
951.0,Rural,4,1.3,3.0,80.0,7,0,196300
1196.0,Suburb,4,1.2,3.0,29.0,8,0,328500
941.0,Downtown,3,1.5,3.0,45.0,5,1,302800
1485.0,Suburb,5,1.4,1.0,76.0,5,1,292200
927.0,Suburb,3,1.0,1.0,41.0,7,0,260200
1682.0,Downtown,4,2.2,1.0,40.0,8,0,442200
918.0,Suburb,2,1.0,3.0,29.0,4,0,214500
1117.0,Downtown,3,1.2,2.0,38.0,6,0,337100
1097.0,Waterfront,4,1.3,2.0,23.0,6,0,583000
2047.0,Suburb,7,2.4,2.0,128.0,5,0,329900
1489.0,Downtown,4,2.0,2.0,9.0,7,0,399600
1252.0,Rural,3,,1.0,26.0,5,0,225800
1571.0,Suburb,5,,2.0,42.0,5,1,352300
682.0,Rural,3,1.0,2.0,40.0,6,1,187600
1321.0,Suburb,4,,1.0,23.0,4,0,282900
2538.0,Downtown,8,2.3,2.0,6.0,4,0,564200
1397.0,Downtown,3,2.1,2.0,11.0,7,1,443300
1369.0,Rural,5,1.0,2.0,33.0,5,0,237500
1596.0,Rural,5,1.7,2.0,5.0,9,1,331300
1784.0,Rural,5,1.5,3.0,44.0,9,0,289200
707.0,Downtown,2,1.0,2.0,61.0,5,1,228600
782.0,Rural,3,1.0,1.0,49.0,9,0,203800
1433.0,Suburb,4,1.4,,55.0,7,0,342700
1066.0,Suburb,3,1.6,2.0,5.0,5,1,297500
2038.0,Downtown,7,2.3,2.0,24.0,3,1,518700
1211.0,Rural,4,1.2,3.0,13.0,7,0,267700
721.0,Waterfront,3,1.0,2.0,8.0,6,1,523100
893.0,Downtown,3,1.4,,20.0,6,1,360300
556.0,Rural,2,1.0,1.0,75.0,5,0,103500
1243.0,Suburb,4,1.0,2.0,88.0,4,0,246100
1261.0,Downtown,5,1.2,2.0,15.0,5,0,350900
1169.0,Suburb,4,1.5,3.0,31.0,7,1,303700
1892.0,Rural,7,2.2,2.0,38.0,6,0,329900
1966.0,Suburb,5,1.8,2.0,24.0,6,0,407200
1268.0,Downtown,5,1.7,1.0,64.0,4,0,345700
676.0,Rural,2,1.0,2.0,21.0,6,0,169300
1632.0,Suburb,5,2.3,1.0,18.0,5,0,337800
1600.0,Rural,5,2.0,4.0,15.0,8,0,314400
1479.0,Suburb,5,1.2,1.0,24.0,5,0,385400
1834.0,Suburb,6,1.9,,2.0,6,0,435100
923.0,Rural,3,1.0,2.0,25.0,9,0,242900
2547.0,Downtown,9,2.9,1.0,32.0,6,0,571800
985.0,Suburb,3,1.0,2.0,33.0,5,0,254100
1702.0,Suburb,5,1.5,2.0,12.0,7,1,455000
781.0,Waterfront,2,1.0,2.0,33.0,3,0,483200
995.0,Suburb,3,1.3,0.0,32.0,8,0,294400
2176.0,Waterfront,7,2.5,2.0,,8,0,886700
1232.0,Rural,3,1.4,3.0,50.0,7,1,224200
1752.0,Suburb,6,2.0,2.0,12.0,2,1,351900
1445.0,Suburb,4,1.4,3.0,24.0,6,1,350900
1295.0,Downtown,5,1.5,1.0,6.0,4,0,387000
2072.0,Suburb,5,3.2,3.0,47.0,8,0,419900
1242.0,Downtown,4,,2.0,14.0,8,0,402100
758.0,Suburb,2,1.0,3.0,55.0,6,0,225300
1036.0,Downtown,3,1.0,2.0,56.0,4,1,255600
1598.0,Waterfront,5,1.0,0.0,26.0,8,0,698700
1520.0,Suburb,6,2.1,3.0,25.0,6,1,387400
811.0,Suburb,3,1.2,2.0,9.0,8,1,276100
1062.0,Suburb,3,1.0,2.0,30.0,6,1,317300
1112.0,Downtown,2,1.0,1.0,49.0,7,0,328800
,Suburb,3,1.0,3.0,36.0,5,1,303400
862.0,Rural,2,,2.0,69.0,8,0,186900
1095.0,Suburb,3,1.2,3.0,22.0,7,0,293600
1061.0,Suburb,3,1.4,2.0,,8,0,304300
1715.0,Rural,4,1.9,1.0,15.0,7,1,317400
1735.0,Downtown,5,2.3,3.0,,6,1,375900
1278.0,Rural,5,1.5,2.0,8.0,7,0,276900
1182.0,Downtown,5,1.6,2.0,47.0,8,1,357400
1401.0,Rural,3,1.0,1.0,50.0,8,0,257100
1031.0,Waterfront,3,1.0,2.0,49.0,6,1,575900
928.0,Rural,2,1.0,2.0,16.0,3,0,162400
991.0,Downtown,3,1.5,1.0,26.0,7,0,335900
1093.0,Suburb,3,1.9,2.0,43.0,4,0,236800
923.0,Rural,4,1.0,2.0,18.0,6,1,195500
1411.0,Suburb,4,1.4,2.0,23.0,6,1,336000
1692.0,Suburb,5,1.2,3.0,19.0,4,0,413600
806.0,Suburb,4,1.2,2.0,31.0,6,0,273700
1350.0,Downtown,4,1.3,1.0,30.0,9,0,430900
1248.0,Suburb,4,2.4,4.0,77.0,6,1,312000
1494.0,Downtown,4,1.4,2.0,43.0,7,0,397800
1334.0,Suburb,3,2.2,2.0,10.0,9,0,391800
841.0,Suburb,2,1.2,2.0,11.0,7,0,271500
894.0,Downtown,4,1.0,2.0,48.0,5,0,293700
1352.0,Downtown,5,1.6,2.0,30.0,6,1,413400
1862.0,Waterfront,6,2.3,3.0,95.0,7,0,722800
659.0,Suburb,1,1.0,2.0,95.0,8,0,217100
1496.0,Suburb,5,2.0,3.0,14.0,8,0,396400
1960.0,Rural,5,2.5,3.0,36.0,3,0,322600
1275.0,Suburb,3,1.6,2.0,11.0,5,0,317100
,Suburb,5,1.8,2.0,47.0,6,0,386900
1070.0,Suburb,5,1.0,3.0,84.0,4,1,250200
1289.0,Downtown,5,1.4,1.0,33.0,1,0,298100
797.0,Suburb,2,1.0,4.0,22.0,5,0,235500
633.0,Downtown,2,1.0,2.0,39.0,6,0,245200
1811.0,Rural,5,2.1,2.0,54.0,6,0,275000
977.0,Suburb,3,1.1,1.0,54.0,4,0,227200
1158.0,Downtown,4,1.0,1.0,22.0,6,1,330900
859.0,Suburb,3,1.0,3.0,18.0,6,0,299900
853.0,Downtown,3,1.0,4.0,,5,1,308500
1267.0,Suburb,4,,2.0,23.0,8,0,350900
1061.0,Rural,4,1.3,2.0,64.0,6,0,183400
1512.0,Rural,4,2.0,2.0,23.0,5,0,257700
1548.0,Rural,5,1.7,3.0,31.0,5,1,245800
1484.0,Suburb,4,1.0,4.0,38.0,6,0,372200
1446.0,Suburb,5,1.8,3.0,9.0,8,1,371300
2219.0,Downtown,7,2.2,2.0,19.0,6,0,493500
952.0,Suburb,3,1.0,2.0,92.0,7,0,255200
1316.0,Suburb,5,1.1,,52.0,6,0,317900
1925.0,Downtown,5,2.2,2.0,23.0,9,0,506000
2008.0,Downtown,6,2.6,1.0,47.0,7,0,477900
850.0,Downtown,2,1.3,1.0,63.0,5,0,271000
1212.0,Downtown,3,1.9,3.0,25.0,7,0,382000
2069.0,Downtown,6,2.9,3.0,51.0,8,0,471200
1576.0,Suburb,5,1.0,2.0,46.0,6,1,360600
1426.0,Suburb,5,1.2,2.0,11.0,5,1,358200
1249.0,Suburb,4,1.0,3.0,25.0,7,0,352500
1185.0,Downtown,4,1.5,1.0,78.0,6,0,279500
1469.0,Suburb,5,1.4,2.0,91.0,4,0,258800
1236.0,Rural,3,1.2,4.0,52.0,6,0,236600
1321.0,Suburb,4,1.4,2.0,19.0,5,0,304900
1374.0,Suburb,5,1.7,1.0,,4,0,290200
1078.0,Suburb,4,1.0,2.0,17.0,5,0,295100
1588.0,Downtown,5,1.3,3.0,10.0,8,0,475800
3403.0,Suburb,9,3.8,0.0,82.0,9,0,584100
759.0,Suburb,1,1.3,2.0,6.0,7,0,284100
1486.0,Suburb,4,1.6,2.0,12.0,7,0,377300
1050.0,Rural,2,1.0,1.0,34.0,7,0,215700
1611.0,Rural,6,1.0,2.0,30.0,6,1,290100
1360.0,Suburb,5,1.8,2.0,76.0,5,0,310000
1709.0,Suburb,5,1.6,2.0,44.0,5,0,335000
1951.0,Waterfront,5,1.8,2.0,27.0,6,1,803600
1424.0,Suburb,5,1.0,1.0,65.0,8,0,300500
1924.0,Waterfront,5,1.6,1.0,22.0,8,0,772100
633.0,Rural,1,1.0,1.0,80.0,4,1,137300
2228.0,Downtown,6,2.4,3.0,15.0,7,1,523600
1510.0,Downtown,5,,2.0,29.0,6,1,404000
1891.0,Downtown,6,2.2,2.0,4.0,6,1,541400
907.0,Rural,4,1.0,1.0,54.0,5,1,198300
1027.0,Suburb,4,1.9,2.0,33.0,8,0,297800
1403.0,Suburb,4,1.0,3.0,80.0,6,0,282200
1332.0,Suburb,5,1.5,2.0,25.0,6,0,330600
1466.0,Rural,4,1.7,2.0,9.0,6,0,300300
1895.0,Rural,5,1.7,0.0,40.0,5,1,277600
761.0,Downtown,2,1.0,1.0,20.0,6,0,268500
1829.0,Suburb,5,2.3,2.0,49.0,8,1,419600
1343.0,Suburb,4,1.5,1.0,15.0,8,0,324500
1255.0,Rural,3,1.9,2.0,71.0,4,0,184600
837.0,Rural,2,1.0,,31.0,4,1,184700
1573.0,Suburb,5,1.5,2.0,27.0,6,0,359800
619.0,Rural,3,1.2,3.0,68.0,7,0,143900
1648.0,Suburb,4,2.2,1.0,55.0,7,0,358600
831.0,Downtown,2,1.1,2.0,17.0,7,0,330900
1363.0,Rural,4,1.9,0.0,54.0,4,0,205000
1289.0,Suburb,5,1.0,2.0,47.0,5,1,332000
1947.0,Rural,6,2.4,1.0,28.0,3,1,306400
1265.0,Suburb,3,1.8,3.0,51.0,6,1,292200
1073.0,Suburb,4,1.0,2.0,71.0,3,1,260200
1139.0,Suburb,4,2.2,3.0,28.0,8,1,334200
2013.0,Suburb,6,2.3,2.0,28.0,9,0,457200
1590.0,Downtown,4,1.0,1.0,27.0,6,1,397900
1184.0,Rural,4,1.4,1.0,16.0,4,1,239900
1242.0,Suburb,4,1.1,2.0,28.0,7,0,314700
811.0,Suburb,2,1.3,3.0,26.0,8,0,276000
1517.0,Suburb,4,1.9,2.0,25.0,7,1,369300
763.0,Suburb,3,1.0,2.0,25.0,7,1,262300
1704.0,Suburb,5,2.4,2.0,12.0,6,1,422600
1396.0,Suburb,5,1.9,2.0,58.0,5,0,283400
2875.0,Suburb,10,,4.0,19.0,7,1,581600
942.0,Suburb,3,1.0,3.0,73.0,3,0,209800
1296.0,Suburb,4,1.6,2.0,14.0,9,1,371700
2381.0,Downtown,8,2.5,2.0,84.0,7,1,526200
1961.0,Suburb,6,2.1,2.0,23.0,8,1,419800
1072.0,Rural,5,1.2,2.0,54.0,5,1,216900
1439.0,Suburb,5,1.2,2.0,33.0,4,0,293500
1340.0,Waterfront,5,1.0,1.0,10.0,8,1,692000
1466.0,Downtown,5,1.7,3.0,11.0,5,1,391400
1071.0,Rural,3,1.0,2.0,18.0,6,0,223200
1302.0,Rural,4,,3.0,22.0,7,0,256400
803.0,Suburb,3,1.0,3.0,29.0,6,1,297200
1399.0,Suburb,5,1.0,2.0,38.0,5,0,320100
1547.0,Downtown,6,1.9,,26.0,6,0,427600
1245.0,Rural,4,1.3,4.0,36.0,5,0,222000
799.0,Suburb,2,1.0,2.0,41.0,7,0,264200
1838.0,Suburb,6,1.6,1.0,26.0,7,0,432100
1505.0,Downtown,4,1.4,2.0,46.0,6,1,405700
1062.0,Downtown,4,1.3,3.0,53.0,5,0,284300
1224.0,Rural,3,1.3,1.0,41.0,9,1,249200
829.0,Suburb,3,1.2,1.0,43.0,4,0,223500
965.0,Suburb,3,1.4,3.0,34.0,4,1,254600
1128.0,Downtown,4,1.2,2.0,62.0,6,0,365200
1984.0,Suburb,6,1.6,2.0,30.0,6,1,409700
1092.0,Rural,3,1.0,3.0,18.0,7,1,248400
1644.0,Waterfront,4,1.8,1.0,30.0,7,1,706500
1127.0,Suburb,5,1.0,1.0,10.0,6,0,316700
1450.0,Downtown,5,1.2,1.0,9.0,7,0,443900
1280.0,Downtown,5,1.4,2.0,53.0,7,0,363500
1771.0,Downtown,7,2.8,2.0,74.0,9,0,446400
1129.0,Suburb,3,1.1,1.0,23.0,6,0,274800
810.0,Waterfront,3,1.0,1.0,54.0,5,0,512300
861.0,Downtown,3,1.0,2.0,5.0,6,0,324300
1130.0,Suburb,3,1.7,3.0,41.0,2,0,249700
898.0,Suburb,3,1.3,1.0,30.0,6,0,220500
1527.0,Suburb,5,2.0,1.0,82.0,8,0,325700
1154.0,Suburb,3,1.8,1.0,27.0,7,1,309900
2864.0,Suburb,9,3.0,2.0,13.0,8,0,542300
768.0,Downtown,2,1.0,2.0,8.0,7,0,338800
1430.0,Suburb,6,2.2,4.0,30.0,8,0,373500
934.0,Suburb,2,1.3,2.0,34.0,8,1,326900
1144.0,Rural,4,1.0,2.0,26.0,7,1,268300
1401.0,Downtown,4,1.7,3.0,54.0,6,0,354400
636.0,Suburb,2,,3.0,69.0,2,0,185400
1445.0,Waterfront,4,1.9,2.0,23.0,8,1,767100
2462.0,Suburb,8,2.9,4.0,6.0,8,1,536600
1159.0,Downtown,4,1.0,2.0,37.0,6,0,320100
1456.0,Waterfront,5,1.7,2.0,62.0,5,0,556900
1859.0,Downtown,7,2.1,,23.0,8,0,499300
1271.0,Rural,5,1.5,2.0,43.0,6,1,231800
1112.0,Downtown,4,1.4,3.0,12.0,6,0,375800
647.0,Rural,2,1.2,2.0,36.0,6,1,169800
1644.0,Downtown,5,2.0,3.0,43.0,7,1,421700
1292.0,Suburb,4,1.4,2.0,37.0,4,1,289600
969.0,Waterfront,2,1.5,3.0,95.0,7,1,477900
1395.0,Suburb,3,2.3,2.0,74.0,5,0,277200
1111.0,Downtown,2,1.6,2.0,48.0,5,1,302000
1131.0,Downtown,4,1.3,3.0,59.0,7,1,344200
1626.0,Downtown,5,2.0,2.0,36.0,5,1,414300
873.0,Downtown,2,1.1,1.0,29.0,7,0,286900
1873.0,Suburb,7,2.1,3.0,21.0,7,0,450200
856.0,Suburb,3,1.7,3.0,12.0,3,1,260000
1083.0,Waterfront,4,1.0,2.0,76.0,8,0,605300
2478.0,Rural,8,3.2,2.0,98.0,7,1,358900
1921.0,Waterfront,5,2.1,2.0,31.0,7,0,782600
1382.0,Suburb,5,1.0,3.0,31.0,8,0,347900
991.0,Suburb,4,1.0,1.0,45.0,8,1,301600
1131.0,Suburb,3,1.1,2.0,27.0,6,1,304100
1371.0,Suburb,3,1.7,3.0,13.0,7,0,373200
1356.0,Downtown,4,1.5,0.0,10.0,7,0,427300
1301.0,Rural,3,1.1,2.0,96.0,6,0,186000
1326.0,Suburb,5,2.0,3.0,7.0,4,0,348100
1251.0,Suburb,4,1.8,2.0,38.0,6,0,322000
844.0,Suburb,4,1.5,3.0,8.0,8,0,321100
1135.0,Downtown,2,1.3,2.0,28.0,7,0,342400
1795.0,Suburb,6,2.0,1.0,23.0,5,0,375000
864.0,Suburb,4,1.2,1.0,9.0,7,1,286800
1261.0,Rural,3,1.2,3.0,46.0,6,1,229700
1030.0,Suburb,3,1.2,3.0,13.0,3,0,256200
,Suburb,4,1.5,3.0,8.0,8,1,382200
1183.0,Rural,3,1.0,1.0,49.0,5,0,193000
2149.0,Rural,7,,3.0,23.0,9,0,389200
1575.0,Rural,4,1.6,1.0,17.0,8,0,298700
880.0,Suburb,3,1.0,1.0,51.0,5,1,239600
1660.0,Suburb,6,2.0,2.0,12.0,7,0,397500
1045.0,Suburb,3,1.6,3.0,6.0,9,0,346700
1114.0,Rural,3,1.0,3.0,66.0,7,1,214000
1481.0,Waterfront,5,1.5,2.0,87.0,7,1,651100
1144.0,Suburb,4,1.0,1.0,27.0,10,1,336900
1782.0,Suburb,5,1.7,1.0,1.0,7,1,427600
1045.0,Suburb,2,1.0,1.0,27.0,7,1,269700
1099.0,Downtown,3,1.2,4.0,53.0,5,0,329700
1086.0,Downtown,4,1.4,3.0,62.0,4,1,291000
1118.0,Downtown,4,1.4,3.0,13.0,6,0,349400
1904.0,Suburb,7,1.7,2.0,24.0,7,0,402100
1638.0,Suburb,5,2.3,2.0,36.0,7,1,362800
2315.0,Suburb,7,2.9,3.0,51.0,5,0,434200
2767.0,Suburb,9,2.8,2.0,47.0,8,0,560100
963.0,Downtown,3,1.5,2.0,42.0,5,0,286200
1370.0,Suburb,4,1.6,1.0,62.0,7,1,275600
919.0,Downtown,2,1.0,2.0,29.0,7,1,334100
1044.0,Downtown,3,1.3,2.0,76.0,5,0,253800
1095.0,Waterfront,4,1.2,1.0,20.0,5,0,607400
955.0,Downtown,2,1.3,2.0,48.0,8,1,319800
957.0,Suburb,4,1.1,2.0,22.0,7,1,296900
1279.0,Suburb,2,1.3,2.0,,6,0,332100
907.0,Suburb,2,1.0,1.0,31.0,8,0,288200
1754.0,Suburb,5,2.1,2.0,21.0,6,0,369500
999.0,Rural,4,1.0,2.0,64.0,5,0,167700
3291.0,Suburb,9,3.9,2.0,23.0,6,1,578600
1159.0,Suburb,4,,3.0,30.0,6,0,357200
1371.0,Rural,5,1.4,1.0,44.0,7,1,245800
885.0,Downtown,2,1.3,4.0,122.0,8,1,285200
2312.0,Suburb,7,2.6,2.0,45.0,7,1,458000
1916.0,Downtown,6,2.2,2.0,31.0,8,1,474300
1473.0,Downtown,4,1.6,1.0,5.0,6,0,411200
870.0,Waterfront,2,1.6,3.0,27.0,5,0,534500
1433.0,Rural,5,1.3,2.0,18.0,4,0,266700
936.0,Downtown,3,1.0,2.0,24.0,5,1,331400
2139.0,Suburb,7,1.9,2.0,22.0,5,1,429100
1735.0,Downtown,6,2.2,2.0,44.0,9,0,435400
1381.0,Suburb,5,1.3,2.0,27.0,7,1,332000
614.0,Suburb,2,1.0,2.0,15.0,5,0,189000
978.0,Rural,3,1.0,2.0,54.0,8,0,207200
1669.0,Downtown,6,1.9,1.0,11.0,4,0,419400
1975.0,Suburb,7,1.8,1.0,30.0,6,1,397200
1910.0,Waterfront,6,1.3,2.0,27.0,9,0,777200
805.0,Rural,2,1.1,2.0,38.0,6,0,185400
1475.0,Suburb,4,1.0,3.0,,10,1,353800
1854.0,Suburb,6,2.4,,130.0,8,0,340500
788.0,Rural,3,1.4,2.0,31.0,8,0,206200
1336.0,Suburb,3,1.4,2.0,18.0,8,0,356300
1462.0,Suburb,5,2.1,2.0,17.0,6,0,350700
1217.0,Suburb,5,1.3,,17.0,5,0,300400
740.0,Waterfront,3,1.4,2.0,37.0,6,0,465800
1207.0,Suburb,3,1.2,2.0,4.0,5,1,321400
1206.0,Downtown,3,1.0,1.0,10.0,6,1,370700
1277.0,Suburb,4,1.4,2.0,37.0,6,1,315700
,Rural,3,1.8,2.0,56.0,8,0,257200
1162.0,Suburb,4,1.5,1.0,56.0,7,0,291000
1323.0,Suburb,5,1.3,1.0,33.0,9,0,347300
1543.0,Suburb,6,1.8,3.0,51.0,3,0,326200
1215.0,Suburb,3,1.7,1.0,63.0,4,0,292400
1175.0,Waterfront,4,1.3,2.0,22.0,5,0,613600
1380.0,Suburb,4,2.5,1.0,59.0,8,1,297200
724.0,Rural,2,1.0,1.0,8.0,6,1,205700
1560.0,Suburb,5,2.1,2.0,10.0,4,0,341600
1339.0,Downtown,5,1.8,1.0,23.0,6,1,352700
1357.0,Suburb,5,1.3,2.0,7.0,4,0,359800
1822.0,Downtown,6,1.9,3.0,44.0,4,1,457700
717.0,Rural,2,1.2,3.0,20.0,8,1,204500
712.0,Rural,2,1.0,3.0,27.0,5,0,166300
1462.0,Downtown,3,1.7,,28.0,6,0,387400
1336.0,Suburb,5,1.0,2.0,23.0,6,0,315700
1414.0,Waterfront,4,1.8,2.0,17.0,6,1,686800
1155.0,Suburb,4,1.4,3.0,43.0,5,0,274600
1657.0,Rural,6,1.8,3.0,20.0,6,1,303700
1805.0,Downtown,5,2.1,3.0,28.0,7,0,437500
1564.0,Downtown,4,1.6,3.0,39.0,8,1,450100
1232.0,Suburb,5,1.2,4.0,63.0,7,0,330200
682.0,Downtown,2,1.0,2.0,59.0,4,1,231500
1713.0,Rural,5,1.7,2.0,21.0,8,1,322300
1980.0,Suburb,6,3.0,2.0,16.0,7,0,456600
1646.0,Suburb,6,2.1,1.0,71.0,5,0,325000
1011.0,Suburb,4,1.0,2.0,20.0,6,0,322700
1662.0,Suburb,4,2.6,1.0,42.0,7,1,351600
1764.0,Rural,7,1.8,2.0,6.0,6,1,341300
2206.0,Suburb,8,2.5,2.0,4.0,7,0,484200
1012.0,Rural,3,1.4,3.0,31.0,5,1,201200
1246.0,Suburb,3,1.0,3.0,25.0,9,1,395300
1701.0,Suburb,6,1.8,1.0,49.0,4,1,387000
1364.0,Suburb,5,1.3,4.0,17.0,7,0,360300
937.0,Suburb,2,1.1,2.0,37.0,6,0,268900
1529.0,Suburb,5,1.8,2.0,47.0,7,1,349800
1612.0,Suburb,7,1.8,1.0,17.0,5,1,369900
1378.0,Suburb,4,1.5,2.0,23.0,8,1,344200
1437.0,Downtown,4,2.0,3.0,12.0,6,1,397800
1233.0,Rural,3,1.5,2.0,50.0,4,0,235000
2150.0,Rural,8,2.4,2.0,43.0,5,1,338600
1004.0,Suburb,4,1.2,2.0,45.0,6,1,279100
1110.0,Waterfront,4,1.9,1.0,25.0,4,1,562000
1344.0,Waterfront,4,1.6,2.0,43.0,9,1,695000
1774.0,Rural,6,1.8,3.0,27.0,8,0,305300
830.0,Downtown,2,1.0,3.0,79.0,8,0,263200
881.0,Suburb,3,1.0,,30.0,8,1,270000
698.0,Suburb,2,1.0,3.0,57.0,5,1,240100
1354.0,Rural,5,1.5,,25.0,5,0,223500
936.0,Suburb,3,1.0,,68.0,2,1,176000
1184.0,Suburb,3,1.4,3.0,16.0,5,0,272800
1655.0,Rural,5,1.6,2.0,40.0,9,0,293000
1091.0,Waterfront,2,1.0,2.0,18.0,5,1,577500
1442.0,Suburb,3,1.8,2.0,36.0,6,1,356100
1217.0,Rural,4,1.8,1.0,20.0,5,1,239200
1661.0,Rural,5,1.5,2.0,30.0,7,1,295500
1559.0,Suburb,5,1.8,2.0,22.0,8,0,392000
1073.0,Rural,4,1.0,2.0,46.0,4,0,188500
,Downtown,5,1.0,1.0,41.0,4,1,382000
1871.0,Downtown,6,1.9,2.0,18.0,9,0,491400
1519.0,Waterfront,6,2.1,2.0,18.0,7,0,742400
857.0,Suburb,3,1.0,1.0,15.0,5,0,272400
1652.0,Suburb,5,1.5,3.0,13.0,9,0,407500
947.0,Waterfront,3,1.1,4.0,48.0,4,0,526800
2105.0,Suburb,6,2.4,4.0,14.0,8,0,469100
1859.0,Downtown,6,1.8,3.0,38.0,6,1,466400
1470.0,Downtown,3,2.3,2.0,21.0,7,0,417000
1409.0,Suburb,4,1.5,2.0,56.0,3,0,278200
1253.0,Downtown,4,1.4,2.0,91.0,6,0,283100
1664.0,Downtown,5,1.7,2.0,1.0,7,1,507100
1190.0,Rural,3,1.5,3.0,16.0,6,0,257700
1444.0,Suburb,6,2.0,0.0,20.0,8,0,341000
1771.0,Suburb,6,2.6,2.0,26.0,8,1,418600
1119.0,Downtown,3,1.0,3.0,25.0,5,0,305400
1100.0,Suburb,3,1.6,1.0,10.0,7,0,330200
914.0,Suburb,2,1.2,2.0,92.0,4,1,197900
953.0,Suburb,3,1.4,2.0,25.0,6,0,279800
746.0,Suburb,2,1.0,3.0,41.0,7,0,234900
1692.0,Suburb,4,,1.0,42.0,5,0,338400
2390.0,Downtown,8,3.0,1.0,8.0,8,1,605000
2114.0,Downtown,7,2.7,1.0,23.0,6,1,529900
796.0,Suburb,3,1.4,1.0,48.0,5,1,247900
1689.0,Downtown,5,1.9,1.0,71.0,7,1,373100
2111.0,Downtown,6,2.3,1.0,23.0,5,1,485000
1157.0,Downtown,5,1.0,3.0,10.0,5,0,369700
1384.0,Rural,4,1.0,2.0,19.0,8,0,267500
704.0,Suburb,3,1.0,2.0,22.0,6,1,226600
1459.0,Suburb,4,1.2,1.0,22.0,4,1,301800
953.0,Suburb,3,1.3,3.0,15.0,7,0,330300
1428.0,Suburb,3,1.1,4.0,9.0,6,0,336400
813.0,Suburb,2,1.0,1.0,12.0,4,0,241000
1594.0,Suburb,4,1.6,3.0,19.0,3,0,337500
1859.0,Suburb,5,2.5,2.0,48.0,8,1,410000
1043.0,Suburb,4,1.0,2.0,60.0,5,1,252100
931.0,Downtown,2,1.2,2.0,32.0,4,1,308500
672.0,Rural,3,1.0,2.0,12.0,7,0,202800
1230.0,Rural,5,1.7,3.0,20.0,7,1,263500
1112.0,Downtown,3,1.5,2.0,4.0,5,0,354800
815.0,Rural,3,1.0,2.0,72.0,7,0,155500
1548.0,Downtown,5,1.1,2.0,18.0,9,1,466200
1160.0,Downtown,4,1.2,3.0,39.0,8,1,364100
949.0,Downtown,3,1.0,1.0,57.0,8,1,302400
1122.0,Waterfront,5,1.3,2.0,85.0,6,0,550900
1887.0,Downtown,5,1.8,4.0,51.0,6,0,438100
1624.0,Rural,4,2.2,0.0,22.0,6,1,282200
,Suburb,3,1.4,,42.0,7,1,342900
1633.0,Suburb,6,1.5,2.0,83.0,5,0,296100
924.0,Suburb,4,,2.0,18.0,5,0,281500
1353.0,Downtown,4,2.2,2.0,8.0,4,0,399800
1404.0,Rural,3,1.8,2.0,15.0,6,0,285200
1152.0,Suburb,3,1.6,2.0,40.0,6,0,331300
,Suburb,5,1.3,2.0,22.0,5,1,344000
1043.0,Downtown,3,1.0,2.0,28.0,7,0,323700
1577.0,Rural,5,1.5,4.0,45.0,5,1,286800
1598.0,Suburb,5,1.8,2.0,15.0,5,1,389500
527.0,Suburb,2,1.0,2.0,27.0,7,0,216400
1960.0,Suburb,6,2.0,1.0,20.0,8,0,444700
505.0,Suburb,2,1.0,3.0,81.0,4,1,212200
1100.0,Suburb,4,1.0,3.0,50.0,6,0,284000
1860.0,Downtown,6,,2.0,22.0,5,1,478600
1210.0,Suburb,4,1.7,1.0,21.0,6,0,343100
,Downtown,2,,1.0,87.0,6,0,286400
944.0,Downtown,3,1.2,3.0,82.0,7,1,298000
1861.0,Downtown,6,2.6,1.0,40.0,7,0,483400
724.0,Downtown,3,1.0,3.0,29.0,6,0,277400
1922.0,Suburb,6,2.0,1.0,10.0,5,1,415900
1316.0,Suburb,3,1.8,3.0,15.0,7,0,342400
915.0,Suburb,2,1.0,1.0,10.0,7,0,251400
1111.0,Suburb,3,1.2,,59.0,7,1,250900
967.0,Suburb,3,1.0,1.0,10.0,5,0,282400
1767.0,Suburb,5,1.3,2.0,21.0,8,0,415800
1693.0,Rural,5,1.8,2.0,5.0,4,1,283000
773.0,Rural,2,1.0,2.0,8.0,5,1,222900
1177.0,Rural,2,,1.0,46.0,6,0,196600
1016.0,Rural,1,1.5,2.0,36.0,4,0,193400
2026.0,Rural,6,,1.0,29.0,6,1,331500
870.0,Suburb,4,1.0,3.0,21.0,6,1,288500
2238.0,Suburb,8,2.8,3.0,7.0,4,0,480200
1325.0,Rural,3,1.6,2.0,19.0,6,0,267300
924.0,Downtown,3,1.0,2.0,26.0,3,0,295100
1078.0,Suburb,2,,3.0,44.0,9,0,318100
1036.0,Rural,2,1.7,2.0,57.0,6,1,185900
891.0,Suburb,2,1.0,1.0,47.0,6,1,268000
1381.0,Downtown,4,2.0,2.0,36.0,6,0,358700
904.0,Suburb,3,1.2,1.0,29.0,7,1,278900
667.0,Downtown,2,1.0,2.0,33.0,7,1,283500
1186.0,Suburb,4,1.4,2.0,18.0,4,1,309700
752.0,Suburb,2,1.6,,31.0,8,1,262200
1053.0,Suburb,3,1.7,2.0,25.0,8,0,312200
1001.0,Suburb,2,1.0,,109.0,6,1,248000
1014.0,Downtown,2,1.0,3.0,34.0,6,0,295700
2541.0,Suburb,7,,3.0,4.0,3,0,488400
1364.0,Downtown,5,1.5,2.0,21.0,4,0,346300
1449.0,Suburb,4,2.0,,23.0,7,0,371900
759.0,Suburb,1,1.1,0.0,51.0,7,1,217200
1087.0,Downtown,3,1.0,2.0,37.0,7,0,338900
1435.0,Rural,4,1.8,0.0,36.0,6,0,231200
965.0,Suburb,4,1.0,0.0,67.0,9,0,290000
1791.0,Downtown,5,2.0,2.0,82.0,8,0,419000
912.0,Suburb,3,1.1,2.0,46.0,5,0,246400
1222.0,Downtown,5,1.8,2.0,22.0,9,0,425900
1110.0,Downtown,3,1.6,3.0,22.0,4,1,315100
1412.0,Rural,4,1.3,2.0,62.0,4,1,215400
1091.0,Suburb,4,1.2,2.0,22.0,5,0,293600
1228.0,Rural,4,1.2,3.0,28.0,5,1,216800
1242.0,Suburb,4,1.0,3.0,20.0,6,1,301600
1059.0,Rural,2,1.1,2.0,12.0,7,0,224900
1564.0,Rural,5,2.4,1.0,104.0,6,0,211200
1446.0,Downtown,4,1.0,2.0,28.0,6,0,379400
1302.0,Downtown,4,1.4,1.0,73.0,6,0,333500
,Suburb,4,1.3,2.0,,3,1,299900
1728.0,Suburb,6,2.0,1.0,18.0,4,0,400900
1242.0,Suburb,4,1.0,2.0,44.0,5,0,287500
1214.0,Downtown,4,1.0,2.0,57.0,5,0,320500
1385.0,Rural,5,1.1,0.0,59.0,6,1,233800
2305.0,Downtown,8,3.0,1.0,25.0,9,1,580400
872.0,Rural,3,1.0,2.0,47.0,6,0,194500
1714.0,Suburb,5,1.7,2.0,19.0,4,0,381200
731.0,Downtown,3,1.5,2.0,31.0,5,1,305000
1436.0,Rural,4,1.3,2.0,24.0,9,0,298300
2217.0,Suburb,6,2.6,1.0,21.0,9,0,508200
1566.0,Rural,5,2.1,1.0,31.0,7,1,291700
1415.0,Rural,4,1.9,2.0,12.0,4,0,249000
1120.0,Downtown,3,1.0,2.0,54.0,6,0,306100
1353.0,Downtown,5,1.3,2.0,21.0,7,0,397600
,Downtown,5,1.5,2.0,52.0,6,0,324400
1042.0,Downtown,2,1.8,,14.0,5,1,329100
1221.0,Waterfront,5,1.1,3.0,21.0,6,0,613100
1427.0,Rural,3,1.4,1.0,12.0,5,0,261500
1048.0,Suburb,3,1.3,1.0,11.0,4,1,288800
1035.0,Suburb,5,1.4,3.0,16.0,8,1,307100
867.0,Rural,2,1.2,2.0,14.0,7,0,208100
1518.0,Downtown,5,1.4,1.0,12.0,6,1,456700
1595.0,Downtown,6,1.6,2.0,29.0,7,1,451200
1442.0,Rural,3,1.7,3.0,43.0,7,0,271300
1824.0,Rural,6,2.5,3.0,45.0,10,0,332100
1378.0,Downtown,4,1.4,2.0,6.0,7,1,426700
1518.0,Suburb,6,1.7,3.0,23.0,7,0,379000
1476.0,Downtown,4,1.3,1.0,22.0,6,0,376700
1301.0,Suburb,4,2.1,2.0,68.0,5,0,275000
1130.0,Suburb,3,1.3,2.0,24.0,8,0,313100
2720.0,Downtown,8,3.4,2.0,27.0,8,0,587100
1159.0,Rural,4,1.3,3.0,8.0,5,0,225500
1082.0,Suburb,3,1.2,2.0,15.0,7,1,315600
1539.0,Rural,4,1.2,1.0,8.0,7,1,282500
1452.0,Suburb,4,1.0,1.0,30.0,3,0,292700
854.0,Suburb,2,1.4,3.0,69.0,4,0,182000
1918.0,Suburb,6,,2.0,16.0,7,1,452500
1300.0,Downtown,3,1.5,2.0,24.0,3,1,385300
939.0,Rural,3,1.0,2.0,14.0,3,1,213200
1959.0,Suburb,6,1.9,2.0,18.0,6,0,441600
1636.0,Suburb,5,2.2,1.0,,7,0,386700
894.0,Waterfront,3,1.6,2.0,90.0,7,0,502900
2365.0,Rural,8,2.4,1.0,67.0,9,1,374500
1654.0,Downtown,5,2.1,2.0,80.0,6,1,369100
1335.0,Downtown,4,1.5,1.0,52.0,6,0,361700
2228.0,Suburb,8,2.4,0.0,24.0,5,1,457400
1409.0,Downtown,6,2.2,2.0,22.0,6,1,406000
1327.0,Waterfront,3,1.3,1.0,16.0,7,1,685300
1084.0,Suburb,3,,2.0,2.0,7,0,314400
1614.0,Downtown,4,1.9,2.0,24.0,7,0,419300
1560.0,Suburb,6,1.7,3.0,70.0,7,1,365200
1346.0,Downtown,4,2.0,2.0,69.0,8,0,375900
1040.0,Suburb,3,1.3,2.0,111.0,6,0,211800
1396.0,Downtown,6,1.5,,33.0,8,0,405200
1310.0,Rural,4,1.9,3.0,10.0,5,0,265000
874.0,Rural,3,1.4,2.0,41.0,6,0,168700
836.0,Rural,3,1.3,2.0,91.0,5,0,136800
1605.0,Downtown,5,1.0,3.0,76.0,7,1,366900
583.0,Suburb,3,1.0,0.0,20.0,4,0,205100
1430.0,Rural,4,1.7,4.0,11.0,6,1,306900
,Suburb,5,1.3,3.0,11.0,3,1,311900
2036.0,Suburb,6,2.5,2.0,16.0,7,1,445400
1144.0,Waterfront,3,1.4,1.0,19.0,8,0,620200
1654.0,Rural,4,2.1,3.0,23.0,8,1,308500
1180.0,Rural,3,1.2,1.0,45.0,7,0,254800
1389.0,Suburb,4,2.1,2.0,22.0,7,0,355600
1696.0,Suburb,4,,1.0,30.0,7,1,389700
1155.0,Suburb,3,1.5,4.0,7.0,7,0,303200
1843.0,Suburb,5,2.2,1.0,16.0,7,1,398300
975.0,Downtown,4,1.5,2.0,15.0,5,0,329500
1472.0,Rural,5,2.0,0.0,6.0,6,0,272800
1799.0,Suburb,5,2.0,2.0,22.0,6,1,405000
1654.0,Suburb,5,2.2,2.0,8.0,6,1,401200
2473.0,Rural,8,2.8,3.0,21.0,5,0,396200
1049.0,Rural,4,1.8,2.0,31.0,4,1,186900
861.0,Downtown,2,1.3,3.0,71.0,6,0,247800
974.0,Suburb,3,1.0,1.0,15.0,7,0,290500
1655.0,Suburb,4,2.7,2.0,31.0,6,1,368000
1571.0,Downtown,4,1.0,2.0,17.0,10,0,452800
1384.0,Downtown,5,1.8,2.0,7.0,5,0,400500
935.0,Suburb,3,1.0,2.0,71.0,6,0,221700
1712.0,Rural,6,2.6,3.0,32.0,8,0,326400
905.0,Waterfront,4,,2.0,40.0,7,1,589400
1941.0,Suburb,8,1.9,3.0,78.0,7,0,393700
3342.0,Suburb,10,3.6,1.0,20.0,9,1,659900
1506.0,Downtown,5,1.4,2.0,10.0,6,1,383900
1614.0,Waterfront,4,1.7,3.0,14.0,9,0,759900
1144.0,Rural,4,1.2,1.0,9.0,8,1,277900
750.0,Waterfront,2,1.0,2.0,59.0,5,0,438900
1104.0,Suburb,4,1.3,3.0,93.0,6,0,230600
,Downtown,2,1.2,3.0,31.0,4,1,299100
843.0,Suburb,3,1.0,3.0,46.0,8,1,278700
2324.0,Suburb,7,2.0,2.0,54.0,7,0,439600
1462.0,Suburb,5,1.7,2.0,82.0,8,1,363500
1512.0,Downtown,4,1.9,1.0,91.0,6,1,351600
1213.0,Downtown,5,,2.0,5.0,3,0,335200
1267.0,Suburb,5,1.6,1.0,18.0,10,1,350400
1824.0,Waterfront,5,2.6,3.0,29.0,7,0,792000
1326.0,Rural,5,1.8,2.0,16.0,5,0,244400
1587.0,Rural,3,2.7,1.0,23.0,8,0,330900
1258.0,Downtown,4,2.5,2.0,38.0,9,0,409600
1201.0,Rural,2,1.0,3.0,37.0,6,1,242500
854.0,Suburb,2,1.0,3.0,53.0,6,0,246600
711.0,Downtown,1,1.0,1.0,29.0,6,0,292200
,Suburb,4,1.5,0.0,2.0,4,0,262100
1364.0,Downtown,5,1.5,2.0,22.0,5,0,355100
888.0,Rural,1,1.2,1.0,35.0,8,0,221000
1325.0,Rural,4,1.4,2.0,55.0,6,0,255300
1363.0,Suburb,4,1.3,3.0,50.0,5,0,282900
672.0,Suburb,3,1.0,3.0,26.0,5,0,204600
999.0,Suburb,3,1.0,3.0,17.0,7,0,307500
1526.0,Downtown,4,2.0,3.0,27.0,3,0,387900
1516.0,Suburb,4,1.5,3.0,6.0,7,0,386000
926.0,Rural,4,1.0,3.0,18.0,9,1,252700
1409.0,Rural,5,1.8,3.0,62.0,9,1,251400
1858.0,Downtown,5,2.0,2.0,27.0,7,0,458700
1718.0,Suburb,5,2.3,1.0,37.0,8,0,387300
1299.0,Downtown,4,1.1,4.0,9.0,8,0,410200
1153.0,Downtown,3,1.0,2.0,55.0,6,0,280400
1095.0,Downtown,2,1.3,3.0,25.0,7,0,366200
1556.0,Downtown,4,1.9,2.0,36.0,9,1,460900
1426.0,Suburb,5,1.3,3.0,41.0,4,0,299700
1638.0,Suburb,5,2.3,0.0,54.0,7,0,348100
1397.0,Suburb,4,2.2,,32.0,7,1,345700
1741.0,Suburb,6,1.7,2.0,26.0,7,1,395700
1381.0,Downtown,6,2.1,2.0,10.0,6,0,423900
1722.0,Waterfront,5,1.1,3.0,8.0,7,0,784400
1770.0,Rural,6,2.3,1.0,32.0,7,0,325300
1035.0,Downtown,3,1.0,3.0,36.0,7,1,367000
751.0,Suburb,2,1.2,3.0,40.0,6,0,239600
2195.0,Downtown,7,2.1,4.0,15.0,6,0,588100
1454.0,Waterfront,4,1.6,3.0,18.0,5,0,718500
774.0,Suburb,2,1.0,2.0,31.0,5,0,223500
1066.0,Downtown,4,1.1,1.0,20.0,6,1,349500
1715.0,Rural,5,2.5,3.0,117.0,5,0,205300
1225.0,Rural,4,1.3,3.0,18.0,7,0,262100
1137.0,Downtown,4,2.0,2.0,38.0,7,0,390800
2097.0,Suburb,6,2.2,1.0,49.0,8,1,486300
958.0,Suburb,4,1.6,1.0,51.0,5,0,245900
1038.0,Downtown,3,1.0,3.0,20.0,5,1,345000
1433.0,Suburb,4,1.5,2.0,41.0,8,0,359700
1518.0,Rural,3,1.5,0.0,38.0,6,0,281100
1570.0,Rural,5,2.3,3.0,42.0,6,0,265600
1793.0,Suburb,6,2.1,1.0,31.0,7,0,445100
1427.0,Suburb,6,1.0,3.0,49.0,7,0,334700
1567.0,Suburb,5,1.3,2.0,33.0,4,0,310800
1233.0,Suburb,5,1.0,2.0,9.0,8,0,346700
1367.0,Rural,3,1.8,3.0,33.0,6,0,244400
1386.0,Downtown,4,1.8,2.0,36.0,9,1,429100
1435.0,Downtown,5,1.5,,47.0,4,0,326600
1715.0,Downtown,5,1.7,2.0,32.0,7,1,450600
1600.0,Rural,6,2.0,2.0,83.0,6,1,266800
1359.0,Suburb,5,1.1,2.0,26.0,3,1,334800
1034.0,Suburb,3,1.3,2.0,19.0,7,0,316300
1369.0,Suburb,4,1.7,3.0,67.0,3,0,299400
1327.0,Rural,3,1.4,2.0,26.0,6,1,246900
1425.0,Downtown,6,1.7,3.0,30.0,8,0,434400
2714.0,Suburb,9,3.1,1.0,36.0,6,0,472200
1133.0,Rural,4,1.4,0.0,33.0,5,0,210600
1533.0,Suburb,5,1.2,2.0,42.0,7,0,357900
1885.0,Suburb,6,2.3,2.0,45.0,6,0,401500
1382.0,Downtown,4,1.9,2.0,18.0,6,0,364500
2830.0,Waterfront,9,3.3,1.0,11.0,9,1,1039100
1187.0,Suburb,4,1.5,2.0,12.0,4,0,297900
1486.0,Rural,4,1.6,2.0,62.0,6,0,238900
1037.0,Rural,2,1.5,1.0,24.0,7,1,241200
1197.0,Rural,4,1.4,1.0,49.0,4,0,200000
1450.0,Downtown,3,1.2,2.0,46.0,9,0,403800
1756.0,Suburb,5,2.2,3.0,30.0,6,0,382100
1483.0,Downtown,4,1.1,2.0,14.0,7,0,437700
2004.0,Downtown,7,2.3,1.0,47.0,8,0,506500
1299.0,Downtown,5,1.3,2.0,29.0,6,0,367500
1204.0,Suburb,2,1.2,3.0,11.0,5,1,368600
3182.0,Suburb,12,3.6,1.0,20.0,7,1,601700
,Suburb,5,1.4,2.0,7.0,7,0,398900
1064.0,Suburb,4,1.4,3.0,21.0,5,1,285300
1073.0,Downtown,2,1.2,1.0,31.0,4,0,313800
991.0,Suburb,4,1.0,3.0,27.0,8,1,329300
1808.0,Suburb,6,2.5,3.0,24.0,5,0,380200
1192.0,Downtown,4,1.4,2.0,30.0,6,0,352600
1395.0,Rural,3,1.8,2.0,41.0,6,0,276600
1312.0,Suburb,4,2.0,3.0,51.0,6,0,300100
1693.0,Suburb,6,2.4,2.0,56.0,8,1,397000
1022.0,Rural,3,1.3,0.0,16.0,6,0,222800
949.0,Suburb,4,1.0,2.0,59.0,5,0,239900
1439.0,Suburb,5,1.1,2.0,29.0,6,0,308300
1623.0,Rural,5,1.9,3.0,22.0,6,1,314400
1490.0,Downtown,6,2.0,1.0,13.0,5,0,407200
1034.0,Suburb,3,1.3,2.0,2.0,5,0,317300
1664.0,Waterfront,5,1.0,3.0,39.0,9,0,756200
1056.0,Rural,3,1.5,2.0,38.0,7,0,225800
1134.0,Suburb,4,1.6,1.0,19.0,5,0,302800
990.0,Downtown,1,1.0,3.0,19.0,7,1,327400
2031.0,Suburb,6,2.6,2.0,26.0,4,1,442900
1640.0,Rural,4,2.0,3.0,,8,1,312700
1626.0,Suburb,6,,1.0,16.0,8,0,390000
1996.0,Suburb,7,2.7,2.0,12.0,10,0,506900
3295.0,Downtown,11,3.2,2.0,60.0,9,1,696500
775.0,Rural,2,1.0,2.0,20.0,6,0,191100
1058.0,Suburb,3,1.1,1.0,38.0,8,1,308400
1100.0,Waterfront,3,1.0,0.0,43.0,5,0,555100
1020.0,Suburb,5,1.2,3.0,39.0,5,1,282300
949.0,Suburb,2,1.5,2.0,44.0,6,0,276300
1217.0,Suburb,2,1.8,3.0,39.0,8,1,308800
,Suburb,4,1.3,3.0,18.0,5,0,283300
1491.0,Suburb,6,1.1,2.0,23.0,5,1,365800
1362.0,Downtown,5,1.0,2.0,59.0,6,0,363300
1562.0,Suburb,6,1.8,2.0,20.0,7,0,342000
1576.0,Downtown,6,1.7,3.0,29.0,5,0,410000
1625.0,Rural,5,1.6,2.0,41.0,7,0,267400
1189.0,Downtown,2,2.0,4.0,73.0,8,0,371600
2641.0,Suburb,8,3.0,1.0,56.0,9,0,506100
1444.0,Suburb,5,1.8,1.0,14.0,7,1,391900
738.0,Downtown,2,1.2,3.0,37.0,6,1,268200
972.0,Suburb,3,1.1,1.0,34.0,8,1,301300
767.0,Rural,2,1.8,4.0,23.0,6,0,206500
1347.0,Suburb,4,1.2,3.0,29.0,7,0,391000
1288.0,Suburb,5,1.2,3.0,17.0,9,0,390900
1153.0,Rural,5,,3.0,26.0,7,0,266900
2549.0,Waterfront,8,3.4,1.0,20.0,6,0,978500
1597.0,Rural,5,2.1,1.0,31.0,5,1,281300
1690.0,Suburb,5,1.7,3.0,23.0,6,0,383000
994.0,Suburb,4,1.0,1.0,76.0,7,0,243100
973.0,Suburb,4,1.6,3.0,32.0,6,0,293400
1355.0,Suburb,3,1.6,3.0,28.0,9,0,313400
1416.0,Suburb,5,2.1,2.0,25.0,7,0,359200
740.0,Rural,3,1.0,2.0,23.0,5,0,187300
1264.0,Suburb,4,1.6,2.0,11.0,4,0,310400
1345.0,Rural,5,1.6,2.0,49.0,8,0,238700
1250.0,Waterfront,5,1.2,3.0,67.0,6,1,597600
1032.0,Suburb,3,1.1,,20.0,4,1,254600
1127.0,Downtown,4,1.0,2.0,59.0,6,0,351000
1266.0,Waterfront,4,1.6,2.0,117.0,5,0,494800
1379.0,Downtown,4,1.8,3.0,91.0,6,0,291300
1625.0,Rural,5,2.2,0.0,65.0,6,1,257900
1893.0,Downtown,6,2.3,2.0,12.0,5,0,486800
1219.0,Downtown,4,1.3,3.0,12.0,5,0,372500
1158.0,Downtown,3,1.8,1.0,44.0,5,0,301100
,Suburb,4,2.0,3.0,29.0,5,1,344800
,Rural,5,2.3,2.0,5.0,5,0,294300
1166.0,Downtown,3,1.8,2.0,21.0,5,0,339000
1725.0,Downtown,6,1.9,3.0,43.0,5,0,395600
1833.0,Suburb,6,2.2,1.0,26.0,7,0,405900
2025.0,Waterfront,7,2.5,3.0,29.0,7,0,792000
2366.0,Suburb,7,2.2,0.0,12.0,8,1,515200
1015.0,Rural,3,1.0,2.0,21.0,9,1,268000
1345.0,Downtown,5,1.0,2.0,44.0,7,1,362200
1344.0,Rural,4,1.5,2.0,20.0,7,1,263800
1298.0,Rural,4,1.3,2.0,62.0,7,0,227300
1088.0,Rural,3,1.0,2.0,30.0,7,1,235300
833.0,Suburb,3,1.0,3.0,39.0,6,1,267400
1380.0,Waterfront,5,1.5,2.0,43.0,6,0,654700
1047.0,Suburb,4,1.6,2.0,42.0,4,1,276200
1377.0,Rural,4,2.2,2.0,14.0,7,1,309600
1039.0,Rural,3,1.3,2.0,16.0,6,1,235100
942.0,Downtown,4,1.0,2.0,4.0,8,1,348300
1444.0,Waterfront,5,1.8,2.0,23.0,7,0,655100
1406.0,Rural,4,1.6,2.0,15.0,5,1,291500
1612.0,Rural,6,1.7,3.0,,8,0,323500
2696.0,Suburb,8,2.7,2.0,25.0,3,1,496600
1464.0,Rural,6,1.5,2.0,32.0,9,1,308400
1564.0,Suburb,6,1.7,1.0,26.0,4,0,342500
949.0,Waterfront,2,1.3,3.0,26.0,7,0,600100
887.0,Downtown,3,1.2,2.0,37.0,6,1,302800
2223.0,Suburb,7,3.1,1.0,28.0,8,0,492800
997.0,Downtown,5,1.3,3.0,51.0,5,0,298000
959.0,Rural,2,1.2,3.0,28.0,3,0,173600
1323.0,Suburb,5,1.4,3.0,73.0,6,0,266000
1301.0,Rural,4,1.1,2.0,13.0,6,0,254500
1003.0,Rural,2,1.0,2.0,23.0,3,0,207500
1215.0,Suburb,4,1.1,2.0,18.0,6,1,317000
1985.0,Rural,6,1.3,3.0,33.0,5,0,294100
1035.0,Suburb,2,1.0,3.0,13.0,7,1,320100
858.0,Suburb,3,1.5,2.0,9.0,5,0,260700
1811.0,Suburb,6,2.1,4.0,15.0,9,0,478400
1568.0,Downtown,5,1.6,2.0,9.0,6,1,459000
1098.0,Downtown,3,1.4,1.0,25.0,7,0,323300
,Suburb,2,1.0,1.0,32.0,5,1,236800
1055.0,Suburb,3,1.3,1.0,8.0,4,0,265200
1316.0,Suburb,4,1.9,2.0,22.0,6,1,319600
1945.0,Waterfront,7,,2.0,55.0,8,0,781200
961.0,Downtown,3,1.0,3.0,66.0,7,1,324600
1304.0,Rural,3,1.3,2.0,46.0,6,0,232000
1662.0,Rural,5,2.3,3.0,3.0,4,1,297100
625.0,Rural,2,1.0,2.0,30.0,7,0,149200
1865.0,Suburb,7,1.6,2.0,60.0,7,1,381600
917.0,Downtown,4,1.8,2.0,20.0,7,0,355000
1490.0,Rural,6,1.2,3.0,11.0,6,0,270000
1449.0,Rural,5,,1.0,57.0,4,1,250800
1895.0,Rural,6,1.7,2.0,62.0,7,0,292400
1598.0,Downtown,4,1.4,2.0,28.0,6,1,421200
626.0,Suburb,2,1.0,3.0,11.0,8,1,271700
,Suburb,3,1.4,2.0,7.0,6,0,284300
1400.0,Suburb,4,2.0,2.0,36.0,6,1,347300
1258.0,Rural,6,1.3,2.0,18.0,7,0,258400
1561.0,Downtown,5,1.4,3.0,27.0,5,0,388500
1724.0,Downtown,5,2.1,2.0,25.0,5,0,381400
1627.0,Downtown,5,2.0,4.0,15.0,6,0,473800
1251.0,Downtown,4,1.5,2.0,6.0,5,1,382400
742.0,Downtown,2,1.0,2.0,21.0,5,1,310200
1158.0,Downtown,5,1.2,2.0,31.0,9,1,407200
1530.0,Suburb,6,1.7,2.0,32.0,8,1,404900
945.0,Suburb,3,1.0,2.0,17.0,6,0,272000
1639.0,Rural,5,2.2,2.0,61.0,8,0,265300
1791.0,Suburb,5,2.8,2.0,12.0,5,0,413200
1395.0,Downtown,5,1.6,2.0,53.0,10,1,423000
502.0,Rural,2,1.0,2.0,30.0,5,0,145700
890.0,Suburb,1,1.1,2.0,21.0,9,1,316600
2449.0,Downtown,9,2.5,2.0,39.0,10,0,595600
1125.0,Suburb,4,1.5,3.0,24.0,3,0,291400
710.0,Waterfront,2,1.0,2.0,9.0,8,1,552800
1989.0,Suburb,7,2.1,4.0,11.0,6,0,465200
1345.0,Waterfront,5,1.8,2.0,23.0,5,0,649300
1908.0,Downtown,6,2.1,3.0,19.0,7,0,513200
1464.0,Downtown,4,1.3,1.0,52.0,5,1,378200
1551.0,Downtown,4,1.8,3.0,18.0,7,0,447900
1504.0,Rural,5,1.8,1.0,17.0,5,0,268400
1674.0,Suburb,6,2.2,2.0,16.0,7,0,415100
2776.0,Suburb,8,3.4,2.0,15.0,9,0,592800
1828.0,Waterfront,5,2.0,2.0,15.0,7,0,800400
808.0,Suburb,3,1.0,2.0,10.0,5,0,265100
1545.0,Downtown,5,1.7,1.0,31.0,7,0,427000
1930.0,Rural,6,2.3,2.0,25.0,5,1,315100
1968.0,Downtown,6,2.4,3.0,25.0,5,1,511300
1169.0,Suburb,4,1.4,,7.0,5,1,290900
1945.0,Rural,5,2.1,1.0,36.0,8,0,327900
1802.0,Suburb,5,2.4,3.0,39.0,7,0,393600
3051.0,Suburb,10,3.2,1.0,71.0,8,0,536800
1054.0,Suburb,3,2.0,3.0,38.0,6,0,296700
1139.0,Downtown,4,1.5,2.0,80.0,5,0,268600
1214.0,Suburb,5,,2.0,17.0,8,0,382000
1145.0,Suburb,5,1.3,3.0,73.0,5,0,239800
1007.0,Downtown,4,1.4,1.0,38.0,6,0,298800
553.0,Downtown,2,1.0,2.0,35.0,5,0,222300
1165.0,Suburb,3,1.0,,24.0,7,0,321700
1507.0,Suburb,5,1.3,1.0,21.0,5,1,365300
1144.0,Suburb,4,1.5,1.0,18.0,7,0,327700
2488.0,Waterfront,8,2.2,2.0,75.0,9,1,931800
1345.0,Downtown,5,1.0,2.0,24.0,7,0,376700
2025.0,Downtown,6,2.4,1.0,39.0,7,1,499700
1456.0,Rural,5,1.5,2.0,45.0,6,0,252400
1745.0,Downtown,6,1.7,1.0,44.0,10,0,470500
1465.0,Rural,5,1.5,3.0,31.0,5,1,285500
2076.0,Suburb,6,1.8,2.0,73.0,8,0,378000
1364.0,Suburb,4,1.7,4.0,37.0,7,0,382100
1570.0,Downtown,4,1.5,3.0,17.0,6,0,420500
1506.0,Suburb,4,1.5,2.0,21.0,6,1,331500
1221.0,Rural,4,1.5,1.0,7.0,5,1,239600
1525.0,Downtown,5,,2.0,34.0,7,0,414700
2738.0,Rural,8,2.8,2.0,41.0,7,1,407300
1228.0,Rural,3,1.0,3.0,43.0,10,0,234600
1532.0,Rural,5,1.8,1.0,38.0,8,0,285400
2003.0,Downtown,6,2.3,4.0,24.0,7,0,493000
1929.0,Rural,6,,3.0,28.0,7,0,344200
1344.0,Rural,4,1.1,2.0,28.0,9,1,267500
625.0,Downtown,1,1.0,3.0,52.0,4,1,278800
1580.0,Rural,5,1.9,1.0,5.0,6,1,308400
658.0,Downtown,2,1.0,2.0,20.0,3,1,259100
2144.0,Waterfront,6,3.0,1.0,12.0,7,0,873700
1414.0,Downtown,4,1.8,3.0,91.0,7,1,319900
1844.0,Downtown,6,2.0,1.0,59.0,5,0,400100
1004.0,Suburb,3,1.4,1.0,20.0,8,1,344600
815.0,Downtown,1,1.0,1.0,9.0,5,0,284300
1456.0,Downtown,3,1.6,3.0,11.0,6,1,416900
1325.0,Downtown,4,1.9,3.0,52.0,6,1,361000
1144.0,Rural,3,1.0,2.0,7.0,8,0,281700
1376.0,Downtown,4,1.5,3.0,28.0,5,0,371500
3247.0,Suburb,11,4.0,2.0,46.0,8,0,586700
1749.0,Suburb,5,2.1,2.0,10.0,7,0,457700
1874.0,Suburb,6,2.0,3.0,28.0,7,1,401800
1755.0,Suburb,7,1.4,2.0,20.0,7,0,404100
2150.0,Suburb,7,1.6,1.0,19.0,8,0,444900
1260.0,Waterfront,4,2.1,2.0,16.0,5,0,620900
694.0,Rural,2,1.0,3.0,49.0,8,0,172700
1261.0,Waterfront,4,1.2,2.0,67.0,6,0,562800
1737.0,Rural,7,2.1,3.0,23.0,6,1,335300
982.0,Rural,3,,2.0,35.0,8,1,202500
1266.0,Waterfront,3,1.3,2.0,28.0,5,1,654800
1073.0,Suburb,2,1.0,2.0,6.0,6,0,322000
2166.0,Rural,7,1.9,2.0,22.0,6,0,358800
1702.0,Downtown,4,1.2,3.0,5.0,10,0,497600
1650.0,Downtown,5,1.3,2.0,19.0,10,0,480200
,Suburb,4,,2.0,27.0,6,0,395000
1324.0,Suburb,5,1.1,2.0,44.0,7,0,292300
1427.0,Suburb,4,1.8,3.0,33.0,6,0,355000
917.0,Suburb,3,1.4,3.0,50.0,5,0,235800
665.0,Suburb,1,1.0,3.0,14.0,6,0,263600
1405.0,Rural,4,1.5,1.0,61.0,6,0,223800
1486.0,Suburb,4,1.7,0.0,67.0,4,1,301400
1972.0,Suburb,6,2.0,3.0,4.0,7,0,423600
2215.0,Rural,8,2.9,2.0,7.0,7,1,366300
2214.0,Suburb,8,3.1,2.0,27.0,7,0,470700
973.0,Rural,3,1.6,3.0,18.0,6,0,248500
1197.0,Suburb,6,1.0,4.0,20.0,5,0,332100
1562.0,Downtown,4,1.6,3.0,33.0,7,0,430300
3012.0,Waterfront,10,3.3,3.0,51.0,8,0,1051100
2151.0,Downtown,6,2.6,1.0,14.0,9,1,543500
1916.0,Suburb,6,1.5,1.0,56.0,7,1,403400
1183.0,Suburb,3,1.0,0.0,16.0,6,0,289700
1010.0,Suburb,3,1.6,3.0,99.0,7,0,235600
1724.0,Rural,5,1.7,3.0,62.0,4,0,256900
942.0,Suburb,3,1.0,3.0,17.0,9,1,316000
1241.0,Downtown,5,1.0,3.0,9.0,6,0,386800
1291.0,Rural,4,1.6,2.0,17.0,9,0,279800
2230.0,Downtown,7,2.2,2.0,15.0,5,0,499700
1196.0,Downtown,4,1.4,1.0,40.0,4,1,322100
614.0,Suburb,1,1.0,2.0,5.0,6,0,247700
1574.0,Suburb,4,1.1,,7.0,7,0,355100
1071.0,Suburb,3,1.7,3.0,40.0,6,0,296400
1358.0,Suburb,5,1.6,1.0,,6,1,338700
1303.0,Suburb,5,1.3,2.0,19.0,5,0,326700
1227.0,Suburb,4,1.2,0.0,46.0,4,1,259700
1725.0,Rural,5,2.4,2.0,52.0,7,1,314200
820.0,Downtown,2,1.1,2.0,60.0,4,0,262600
1135.0,Waterfront,4,1.7,2.0,44.0,4,1,540800
1667.0,Suburb,5,1.6,1.0,24.0,6,1,385900
1100.0,Suburb,3,1.2,2.0,22.0,7,0,334400
800.0,Rural,2,1.0,2.0,20.0,9,1,214600
1659.0,Suburb,6,1.7,2.0,10.0,8,0,396300
1919.0,Suburb,6,2.1,4.0,13.0,8,0,467700
1320.0,Rural,4,1.3,2.0,55.0,7,0,221300
715.0,Rural,3,1.0,2.0,16.0,6,1,189300
1679.0,Suburb,3,1.4,2.0,10.0,10,1,408900
787.0,Rural,2,1.1,1.0,58.0,4,0,159300
1479.0,Suburb,4,1.8,2.0,32.0,6,1,338000
1008.0,Rural,4,1.0,4.0,76.0,5,1,187000
924.0,Downtown,3,1.2,2.0,71.0,7,1,280000
1163.0,Downtown,3,1.2,2.0,11.0,5,0,373800
1263.0,Suburb,4,1.2,1.0,25.0,7,0,308300
1090.0,Downtown,3,1.4,0.0,12.0,7,0,325700
1617.0,Rural,5,2.0,1.0,12.0,7,0,281700
1161.0,Downtown,4,1.1,4.0,20.0,7,0,395000
1833.0,Downtown,5,1.8,2.0,41.0,9,0,486200
1466.0,Suburb,4,1.6,3.0,41.0,6,0,360500
1071.0,Suburb,3,1.0,2.0,38.0,7,1,274000
1015.0,Waterfront,2,1.7,0.0,24.0,5,0,543400
791.0,Downtown,3,1.0,1.0,43.0,4,0,301500
1470.0,Downtown,5,1.6,2.0,10.0,9,1,452800
1196.0,Downtown,3,1.0,2.0,32.0,5,0,322700
627.0,Suburb,2,1.0,2.0,28.0,7,1,248200
1128.0,Downtown,4,1.0,2.0,23.0,7,1,379400
1004.0,Rural,4,1.0,3.0,33.0,8,0,243900
2218.0,Downtown,7,2.7,2.0,4.0,4,0,503400
777.0,Waterfront,3,1.0,2.0,13.0,7,0,551300
845.0,Suburb,4,1.0,2.0,39.0,6,0,250500
1911.0,Suburb,6,2.1,2.0,27.0,6,0,396500
2068.0,Downtown,6,,1.0,8.0,6,0,476600
1055.0,Downtown,2,1.1,,27.0,7,0,375500
1094.0,Suburb,5,1.3,3.0,18.0,7,0,318500
1631.0,Suburb,6,1.2,3.0,56.0,6,0,343500
636.0,Suburb,1,1.0,3.0,11.0,4,0,221200
738.0,Suburb,2,1.0,1.0,11.0,4,0,230700
1224.0,Downtown,4,1.5,1.0,36.0,7,0,368700
2199.0,Waterfront,8,1.3,3.0,24.0,5,1,823600
1165.0,Downtown,3,1.0,3.0,23.0,6,1,386100
1383.0,Downtown,3,1.0,2.0,99.0,10,1,372800
1925.0,Suburb,8,2.1,,42.0,7,0,414000
2629.0,Suburb,8,3.6,1.0,21.0,8,0,524100
1114.0,Suburb,4,1.2,3.0,7.0,4,1,327500
1332.0,Suburb,4,1.4,3.0,20.0,4,1,321500
2400.0,Suburb,8,3.0,1.0,10.0,8,1,497900
823.0,Suburb,2,1.0,1.0,13.0,5,0,269300
1861.0,Downtown,5,2.0,3.0,14.0,8,0,481900
967.0,Downtown,3,1.4,1.0,53.0,6,0,311000
1384.0,Rural,3,1.7,3.0,8.0,10,1,277800
1239.0,Downtown,4,1.5,2.0,50.0,5,1,332300
986.0,Suburb,3,1.0,2.0,37.0,6,1,297900
978.0,Suburb,3,1.0,2.0,36.0,5,1,266500
1463.0,Rural,4,1.9,2.0,13.0,8,1,311000
1842.0,Downtown,5,1.9,3.0,45.0,7,0,434500
1285.0,Rural,3,1.9,3.0,12.0,5,1,266000
1370.0,Suburb,4,1.2,3.0,67.0,6,1,308300
1608.0,Waterfront,5,2.3,2.0,54.0,8,1,729700
981.0,Suburb,2,1.3,2.0,75.0,8,1,300200
1697.0,Rural,5,1.5,2.0,28.0,4,0,294100
1741.0,Suburb,5,2.1,2.0,24.0,6,1,409100
3081.0,Rural,9,3.2,3.0,20.0,10,0,508000
1188.0,Suburb,2,1.3,3.0,98.0,6,1,236500
1157.0,Rural,4,1.1,2.0,41.0,6,1,223300
1713.0,Rural,4,1.9,1.0,10.0,8,1,301300
1741.0,Suburb,5,2.3,3.0,62.0,5,0,329400
1129.0,Downtown,3,1.4,2.0,24.0,5,1,326600
1177.0,Downtown,3,1.0,2.0,2.0,6,1,378100
1593.0,Waterfront,6,1.4,3.0,15.0,8,1,740500
1028.0,Waterfront,4,1.2,2.0,54.0,7,0,567600
1175.0,Downtown,4,1.4,2.0,37.0,7,1,362600
1378.0,Downtown,5,1.3,2.0,42.0,6,1,357000
1842.0,Downtown,6,2.6,1.0,62.0,8,0,477300
1104.0,Downtown,2,1.5,2.0,6.0,6,0,331600
743.0,Suburb,2,1.0,1.0,15.0,7,1,287900
725.0,Rural,2,1.0,,28.0,7,1,165300
895.0,Downtown,4,1.0,1.0,55.0,8,0,303700
880.0,Rural,2,1.0,2.0,12.0,6,0,192700
1275.0,Waterfront,4,1.9,1.0,21.0,6,1,634400
916.0,Suburb,3,1.4,2.0,27.0,8,1,334200
1070.0,Suburb,4,1.2,2.0,15.0,8,0,319300
1046.0,Suburb,3,1.4,2.0,27.0,5,1,265600
1163.0,Downtown,4,1.6,4.0,24.0,5,0,369100
2045.0,Rural,5,2.3,2.0,18.0,8,0,350300
1655.0,Suburb,4,2.0,2.0,45.0,4,1,343600
1346.0,Downtown,3,1.7,3.0,40.0,4,0,328800
1156.0,Rural,4,1.5,2.0,,6,0,210300
1166.0,Suburb,4,1.0,2.0,49.0,6,1,278100
1488.0,Downtown,5,1.4,2.0,72.0,5,0,363200
1615.0,Waterfront,5,1.7,2.0,7.0,7,0,744800
1002.0,Downtown,3,1.0,2.0,8.0,6,0,321900
1355.0,Downtown,4,1.0,2.0,43.0,5,0,352100
699.0,Downtown,3,1.0,2.0,19.0,9,1,337000
1433.0,Suburb,6,1.7,0.0,17.0,7,0,368100
1709.0,Suburb,6,1.4,3.0,15.0,8,0,407800
1225.0,Suburb,4,1.3,4.0,48.0,4,0,284200
2395.0,Suburb,8,,2.0,94.0,5,1,426500
1010.0,Suburb,3,1.2,3.0,49.0,7,1,269200
1436.0,Downtown,4,1.2,3.0,19.0,9,0,453500
1324.0,Suburb,4,1.0,1.0,46.0,5,1,297700
1297.0,Waterfront,3,1.6,,8.0,6,1,649600
1291.0,Rural,4,1.0,2.0,23.0,4,0,215800
1386.0,Rural,4,1.5,4.0,6.0,5,0,272800
1757.0,Suburb,6,1.8,2.0,19.0,7,0,396300
2082.0,Suburb,7,2.3,3.0,30.0,6,1,459200
1338.0,Rural,5,1.6,2.0,105.0,4,0,182900
1739.0,Rural,4,2.5,4.0,58.0,5,0,283600
,Rural,5,1.0,2.0,6.0,3,1,210600
1711.0,Suburb,4,2.2,3.0,6.0,7,1,418900
1050.0,Downtown,2,1.0,3.0,15.0,7,0,381400
1899.0,Downtown,5,2.6,2.0,81.0,7,0,423700
2717.0,Downtown,9,2.3,2.0,6.0,6,0,596100
1288.0,Suburb,4,2.3,1.0,16.0,7,1,335200
664.0,Downtown,2,1.0,0.0,15.0,7,1,294400
1124.0,Suburb,3,1.7,3.0,36.0,6,0,323900
1987.0,Suburb,5,2.6,2.0,47.0,6,1,384100
1599.0,Suburb,6,1.6,3.0,40.0,5,0,351600
1450.0,Suburb,5,1.5,2.0,32.0,6,1,317800
1850.0,Downtown,7,1.8,3.0,8.0,9,0,511300
1564.0,Suburb,5,2.0,3.0,29.0,8,0,393100
1978.0,Waterfront,4,2.0,0.0,63.0,6,0,663700
1798.0,Suburb,5,1.7,2.0,77.0,7,0,348700
2180.0,Rural,7,2.6,2.0,35.0,5,1,349900
1502.0,Suburb,4,1.4,3.0,6.0,7,0,383200
1789.0,Suburb,5,1.9,2.0,35.0,5,0,378100
1214.0,Suburb,3,1.4,2.0,24.0,7,1,311300
1105.0,Suburb,4,1.0,2.0,7.0,10,0,361000
,Rural,8,2.4,1.0,11.0,6,0,366800
1435.0,Suburb,5,2.1,2.0,13.0,10,0,416000
1733.0,Rural,5,1.9,1.0,43.0,7,1,263600
1394.0,Rural,4,1.4,2.0,75.0,5,1,218700
1110.0,Rural,3,1.2,1.0,39.0,5,1,212700
1344.0,Downtown,4,1.7,1.0,44.0,9,1,427600
2121.0,Downtown,5,2.0,2.0,25.0,7,0,503900
1600.0,Rural,4,1.9,2.0,17.0,5,0,283900
775.0,Rural,2,1.0,2.0,39.0,5,1,184100
1250.0,Waterfront,6,,2.0,33.0,7,0,682300
2369.0,Suburb,6,3.3,1.0,14.0,7,1,490000
1251.0,Rural,3,1.9,2.0,31.0,7,0,230600
753.0,Rural,3,1.0,1.0,27.0,8,0,180200
2455.0,Rural,9,2.3,2.0,21.0,5,0,390800
1666.0,Suburb,5,1.9,1.0,17.0,7,0,392300
1310.0,Downtown,5,1.0,3.0,35.0,6,1,375300
1189.0,Suburb,3,1.8,2.0,18.0,5,1,302900
1894.0,Suburb,6,1.9,2.0,94.0,8,1,380200
1126.0,Suburb,4,1.8,3.0,38.0,4,1,291900
1934.0,Downtown,6,1.9,,35.0,3,0,435500
1593.0,Rural,5,1.7,3.0,23.0,7,0,283700
1449.0,Downtown,3,2.1,0.0,20.0,6,1,360400
1403.0,Suburb,5,1.4,2.0,5.0,4,0,320800
1266.0,Suburb,4,1.5,3.0,15.0,4,0,290400
1872.0,Waterfront,6,2.5,2.0,6.0,9,0,809900
1015.0,Suburb,2,1.0,3.0,6.0,7,1,346800
797.0,Suburb,2,1.0,,10.0,6,1,238100
1630.0,Downtown,6,1.3,2.0,59.0,9,0,437100
1639.0,Suburb,5,2.0,2.0,59.0,8,0,382600
1562.0,Suburb,5,1.9,1.0,15.0,9,0,416500
1526.0,Rural,4,2.1,2.0,7.0,5,0,286400
1209.0,Suburb,4,1.2,2.0,19.0,4,0,320300
1723.0,Downtown,4,1.4,2.0,43.0,7,1,466500
1320.0,Rural,4,1.0,1.0,51.0,7,1,238000
,Downtown,4,2.3,2.0,31.0,8,1,396300
1212.0,Downtown,4,1.5,3.0,35.0,4,1,369900
2557.0,Suburb,7,2.9,3.0,32.0,8,1,510600
769.0,Downtown,2,1.0,2.0,6.0,7,1,324100
1572.0,Downtown,5,1.2,3.0,8.0,8,0,444500
783.0,Waterfront,2,1.0,,77.0,5,1,469100
1294.0,Rural,4,2.0,2.0,31.0,7,0,231600
1166.0,Rural,5,1.5,2.0,3.0,5,0,270700
687.0,Suburb,1,1.0,2.0,36.0,5,0,226300
1517.0,Downtown,5,1.3,3.0,12.0,5,1,431700
,Rural,3,1.1,2.0,54.0,5,1,177100
684.0,Suburb,3,1.0,1.0,50.0,5,1,195600
1752.0,Downtown,6,2.7,1.0,41.0,6,0,462400
2120.0,Suburb,6,2.3,2.0,30.0,6,0,430200
2158.0,Suburb,6,2.0,2.0,63.0,5,1,372800
1502.0,Downtown,3,1.6,2.0,67.0,9,1,404800
1359.0,Downtown,4,1.6,1.0,13.0,5,0,390400
2049.0,Suburb,7,1.8,3.0,41.0,7,0,441200
2295.0,Suburb,6,2.7,3.0,17.0,4,0,450300
1925.0,Downtown,6,2.6,0.0,11.0,8,1,529700
991.0,Suburb,2,1.1,3.0,67.0,6,0,234600
1429.0,Downtown,4,,2.0,45.0,6,1,389300
1542.0,Suburb,4,1.5,2.0,32.0,6,0,350700
751.0,Downtown,2,1.0,3.0,14.0,7,1,322500
1557.0,Suburb,5,1.7,3.0,68.0,2,0,282100
2772.0,Suburb,8,3.2,3.0,12.0,6,1,548000
1644.0,Suburb,5,1.5,2.0,10.0,6,1,390800
2146.0,Downtown,6,3.1,1.0,27.0,6,1,502800
1420.0,Suburb,4,1.9,0.0,43.0,10,1,379200
1308.0,Rural,5,1.0,3.0,21.0,6,0,252400
1513.0,Downtown,4,1.1,3.0,130.0,8,0,360700
1032.0,Suburb,2,1.0,1.0,30.0,8,0,282200
984.0,Suburb,3,1.6,2.0,17.0,7,1,325900
2009.0,Rural,7,2.5,2.0,18.0,6,1,363100
2078.0,Suburb,6,2.9,2.0,83.0,5,0,381000
975.0,Waterfront,4,1.1,3.0,25.0,7,1,617400
1826.0,Suburb,5,2.0,2.0,65.0,9,0,380600
1303.0,Suburb,4,1.0,2.0,5.0,7,0,340000
1493.0,Suburb,5,1.8,4.0,55.0,8,0,365700
1552.0,Suburb,5,1.7,1.0,14.0,10,1,413400
1841.0,Downtown,5,,2.0,46.0,8,0,481200
1375.0,Suburb,4,2.1,1.0,14.0,5,1,331800
2103.0,Suburb,7,2.3,2.0,19.0,7,1,455400
1479.0,Suburb,4,2.1,2.0,11.0,8,0,354900
1636.0,Rural,6,1.3,3.0,47.0,6,0,289000
1026.0,Waterfront,3,2.1,2.0,51.0,8,1,620200
2673.0,Downtown,8,2.8,2.0,15.0,7,1,631600
1557.0,Rural,4,2.0,2.0,7.0,7,0,317100
1683.0,Rural,5,,1.0,65.0,6,0,277000
801.0,Rural,2,1.0,3.0,16.0,6,0,216700
1029.0,Rural,3,1.4,2.0,24.0,6,0,231700
1990.0,Downtown,6,2.5,2.0,13.0,4,0,486200
1468.0,Rural,5,1.4,2.0,,6,1,236600
726.0,Suburb,2,1.0,2.0,44.0,4,0,188400
1867.0,Rural,5,2.1,3.0,72.0,6,1,273600
1126.0,Downtown,4,,3.0,56.0,5,0,340000
2104.0,Downtown,6,2.8,3.0,53.0,8,1,495700
,Downtown,5,1.7,2.0,26.0,8,1,399100
1430.0,Suburb,4,1.6,3.0,23.0,7,0,359700
1953.0,Suburb,6,2.4,2.0,43.0,5,0,370600
1005.0,Rural,3,1.0,2.0,25.0,6,0,222500
975.0,Downtown,3,1.0,3.0,57.0,4,0,234100
1258.0,Downtown,3,1.5,3.0,12.0,6,1,367300
1745.0,Suburb,5,2.3,2.0,5.0,7,1,427300
875.0,Downtown,3,1.0,1.0,40.0,7,1,284900
785.0,Suburb,3,1.4,2.0,,6,1,296200
1743.0,Rural,4,2.2,1.0,10.0,8,0,323900
1104.0,Waterfront,4,1.1,3.0,101.0,6,0,543200
1181.0,Downtown,3,1.3,3.0,27.0,6,0,364100
739.0,Downtown,2,1.0,,8.0,7,1,316900
1078.0,Rural,3,1.0,1.0,16.0,7,0,219600
1336.0,Downtown,5,2.0,1.0,22.0,5,0,392300
1804.0,Rural,4,1.6,2.0,39.0,7,1,312900
1046.0,Suburb,3,1.3,2.0,16.0,5,0,324500
2276.0,Rural,7,2.8,3.0,24.0,4,0,366400
1076.0,Downtown,4,1.1,1.0,33.0,7,0,332100
1076.0,Waterfront,4,1.0,4.0,37.0,4,0,573500
2191.0,Waterfront,6,2.4,1.0,26.0,7,0,850400
1433.0,Downtown,6,1.9,1.0,82.0,4,0,345600
1123.0,Suburb,3,1.1,3.0,44.0,5,0,299900
1275.0,Suburb,4,1.0,3.0,42.0,5,1,303100
,Downtown,7,2.7,2.0,41.0,8,0,483200
2141.0,Waterfront,6,2.5,2.0,57.0,6,1,741300
1031.0,Downtown,4,1.5,2.0,31.0,4,1,296300
1321.0,Downtown,4,1.7,2.0,12.0,7,1,399100
1379.0,Downtown,5,2.3,1.0,36.0,6,1,418300
977.0,Suburb,2,1.5,0.0,39.0,7,0,294100
1316.0,Rural,4,1.2,1.0,63.0,5,0,226300
1342.0,Suburb,4,1.7,3.0,11.0,6,0,371900
1929.0,Suburb,7,1.9,3.0,13.0,10,0,460900
,Downtown,6,2.0,2.0,28.0,6,1,450700
1206.0,Rural,5,1.0,1.0,42.0,6,0,212000
1251.0,Suburb,4,1.3,2.0,9.0,4,0,274200
1657.0,Suburb,5,2.0,2.0,11.0,5,0,357600
1111.0,Suburb,4,1.2,2.0,49.0,7,1,288800
1617.0,Waterfront,6,1.4,0.0,9.0,6,0,722700
1302.0,Rural,4,1.0,4.0,13.0,7,0,277000
982.0,Suburb,1,1.8,3.0,51.0,6,1,256100
986.0,Suburb,2,1.2,2.0,42.0,4,1,259500
2128.0,Downtown,8,2.1,1.0,16.0,8,0,518500
1274.0,Suburb,3,1.6,3.0,38.0,4,0,292900
2264.0,Suburb,8,,2.0,33.0,6,1,451800
1136.0,Rural,4,1.5,2.0,25.0,6,0,252500
1470.0,Suburb,4,1.0,2.0,20.0,8,1,374100
2880.0,Suburb,8,4.1,2.0,37.0,6,1,560100
955.0,Downtown,3,1.0,2.0,10.0,6,1,318300
730.0,Downtown,4,1.0,3.0,37.0,6,1,302100
2022.0,Rural,6,1.8,2.0,31.0,7,1,349800
1028.0,Waterfront,3,1.0,2.0,33.0,8,0,546500
1331.0,Suburb,3,1.6,3.0,13.0,6,0,362700
1110.0,Suburb,4,1.0,1.0,64.0,7,1,255400
1459.0,Suburb,4,1.6,1.0,16.0,8,0,372300
988.0,Downtown,3,1.5,2.0,19.0,8,1,401500
1264.0,Downtown,5,1.1,1.0,24.0,7,0,396300
1547.0,Downtown,5,1.2,2.0,41.0,6,0,364200
970.0,Waterfront,2,1.0,3.0,32.0,5,0,542400
1071.0,Downtown,2,1.1,2.0,7.0,4,1,357900
1199.0,Suburb,5,1.1,1.0,27.0,6,0,292700
848.0,Suburb,3,1.0,2.0,29.0,6,0,254000
1170.0,Suburb,3,1.5,2.0,65.0,6,0,265200
1391.0,Downtown,3,1.8,2.0,22.0,7,0,410400
1179.0,Waterfront,3,1.0,2.0,39.0,4,1,526100
1228.0,Suburb,3,1.0,2.0,130.0,6,1,237800
1331.0,Waterfront,3,1.5,2.0,58.0,9,1,642300
1086.0,Suburb,3,1.0,1.0,12.0,7,0,307800
1671.0,Suburb,5,1.9,2.0,45.0,7,0,366500
2121.0,Rural,6,2.9,2.0,37.0,7,1,363200
1154.0,Suburb,5,1.3,2.0,21.0,5,1,310500
1564.0,Downtown,5,1.3,3.0,46.0,4,1,411300
1241.0,Rural,4,1.5,2.0,12.0,7,0,278900
1506.0,Suburb,5,1.6,3.0,17.0,3,0,321500
2211.0,Suburb,7,2.4,2.0,24.0,6,0,478900
1576.0,Rural,5,1.9,3.0,20.0,6,0,298000
759.0,Suburb,3,1.1,3.0,42.0,5,0,237900
1549.0,Suburb,5,1.7,2.0,,9,1,413000
1987.0,Suburb,8,2.2,,19.0,9,0,447400
1248.0,Downtown,5,2.1,1.0,58.0,7,0,325600
1842.0,Suburb,5,2.5,0.0,41.0,5,1,374700
1074.0,Suburb,4,1.5,2.0,8.0,9,1,341100
833.0,Downtown,2,1.0,3.0,8.0,7,0,374800
1401.0,Rural,5,1.2,2.0,19.0,5,0,247700
,Downtown,1,,2.0,9.0,6,1,312000
1241.0,Downtown,3,1.4,1.0,52.0,7,1,353300
2022.0,Rural,7,2.0,0.0,17.0,6,1,356500
727.0,Rural,3,,3.0,39.0,6,0,170000
889.0,Rural,3,1.0,2.0,45.0,6,1,173600
963.0,Suburb,4,1.4,2.0,5.0,4,1,313200
1313.0,Suburb,4,1.7,1.0,18.0,6,0,330800
1192.0,Waterfront,4,1.4,3.0,23.0,5,0,640700
2096.0,Suburb,6,2.3,3.0,33.0,8,1,476900
1818.0,Downtown,6,1.8,1.0,50.0,5,1,441200
1569.0,Downtown,6,,,104.0,7,0,350500
1403.0,Rural,4,1.1,2.0,77.0,4,1,202200
1519.0,Suburb,5,1.4,2.0,26.0,5,1,314600
1017.0,Suburb,4,1.0,2.0,26.0,4,0,248300
1762.0,Suburb,5,2.1,1.0,71.0,6,0,346000
938.0,Waterfront,3,1.3,1.0,27.0,6,0,538300
1750.0,Suburb,6,1.9,3.0,18.0,7,1,399000
1958.0,Suburb,6,2.7,2.0,,4,0,378900
1433.0,Waterfront,4,1.3,2.0,34.0,6,1,702500
1266.0,Downtown,4,1.4,2.0,8.0,5,0,372700
1522.0,Suburb,5,1.7,2.0,22.0,7,1,357500
536.0,Downtown,3,1.0,0.0,9.0,5,1,290500
1475.0,Downtown,5,1.7,1.0,2.0,6,1,411800
1292.0,Downtown,4,1.5,2.0,83.0,5,1,344900
1318.0,Suburb,5,,1.0,30.0,8,0,334300
1679.0,Downtown,5,1.6,2.0,22.0,5,0,422800
1308.0,Rural,5,1.8,1.0,19.0,6,0,281300
930.0,Suburb,3,1.0,2.0,28.0,6,1,253700
1280.0,Suburb,4,1.9,3.0,19.0,6,0,318400
1369.0,Suburb,4,1.7,3.0,12.0,5,0,335700
1390.0,Waterfront,4,1.3,1.0,19.0,4,0,621100
1411.0,Suburb,4,1.3,3.0,67.0,5,1,351000
1868.0,Downtown,6,2.7,3.0,51.0,5,0,421600
946.0,Downtown,3,1.5,4.0,19.0,8,0,339200
1417.0,Rural,5,1.5,2.0,89.0,9,0,234500
2024.0,Rural,6,2.3,1.0,26.0,6,0,333100
769.0,Suburb,2,1.0,2.0,15.0,4,1,253700
1419.0,Downtown,5,1.6,3.0,35.0,7,1,397700
1111.0,Suburb,3,1.0,2.0,74.0,5,1,250200
1190.0,Suburb,4,1.3,3.0,65.0,5,0,307000
1003.0,Suburb,4,1.7,1.0,15.0,5,0,285500
1269.0,Downtown,5,1.4,2.0,10.0,5,1,391000
2414.0,Suburb,8,2.3,0.0,21.0,6,0,507200
894.0,Suburb,2,1.0,1.0,40.0,4,1,220300
921.0,Waterfront,3,1.1,2.0,47.0,5,1,507500
883.0,Downtown,3,1.0,2.0,59.0,7,0,281800
2328.0,Rural,7,2.7,1.0,31.0,7,1,368300
1155.0,Suburb,5,1.0,2.0,32.0,6,0,269800
1328.0,Suburb,5,1.7,2.0,30.0,3,0,301600
1177.0,Rural,3,,2.0,54.0,7,0,225100
990.0,Suburb,4,1.1,2.0,47.0,5,1,260200
1242.0,Downtown,4,1.3,3.0,15.0,8,1,416500
2941.0,Downtown,8,3.9,2.0,44.0,7,0,627600
2091.0,Rural,6,2.4,3.0,52.0,6,1,314000
1019.0,Suburb,4,1.8,1.0,55.0,4,0,248300
1648.0,Suburb,6,2.0,4.0,34.0,9,0,424300
1027.0,Suburb,4,1.6,3.0,33.0,7,1,281800
759.0,Downtown,3,1.0,2.0,27.0,7,1,341600
1856.0,Downtown,7,2.2,2.0,29.0,9,1,481500
1942.0,Rural,6,2.6,2.0,80.0,7,1,288200
1872.0,Suburb,6,2.4,2.0,30.0,8,0,429600
1152.0,Downtown,4,1.5,3.0,16.0,5,0,369100
1270.0,Suburb,4,1.3,1.0,35.0,7,0,331000
1703.0,Waterfront,5,1.8,2.0,46.0,5,1,711100
1518.0,Downtown,5,2.1,0.0,53.0,6,0,364700
1181.0,Downtown,5,1.8,2.0,12.0,6,0,381100
798.0,Suburb,2,1.0,3.0,70.0,4,1,201400
1389.0,Downtown,4,1.3,1.0,45.0,7,0,374700
1892.0,Downtown,6,1.8,1.0,67.0,6,1,427400
913.0,Downtown,2,1.3,,9.0,3,1,291400
1643.0,Downtown,4,1.5,3.0,56.0,6,0,389500
1489.0,Suburb,5,1.9,,12.0,6,0,333300
1703.0,Downtown,5,2.1,0.0,23.0,8,1,474300
1771.0,Suburb,6,1.8,1.0,46.0,7,1,391700
1073.0,Rural,3,1.7,2.0,11.0,8,0,221200
798.0,Downtown,3,1.0,1.0,18.0,6,1,324200
1129.0,Downtown,4,1.8,2.0,,5,0,357700
1780.0,Waterfront,5,2.1,,45.0,6,1,704900
1126.0,Suburb,3,1.0,2.0,15.0,5,0,276300
1073.0,Suburb,3,1.7,3.0,28.0,7,0,297500
748.0,Suburb,3,1.2,2.0,37.0,6,1,233800
2347.0,Waterfront,7,2.5,3.0,35.0,6,0,841600
1745.0,Downtown,6,1.6,3.0,32.0,6,1,483600
1714.0,Downtown,6,1.4,,32.0,7,1,456900
1826.0,Rural,6,2.9,2.0,9.0,5,1,358200
1611.0,Downtown,5,1.5,2.0,24.0,7,0,436700
1239.0,Suburb,4,1.0,3.0,32.0,4,0,303200
1271.0,Downtown,3,1.5,1.0,30.0,8,0,361300
1168.0,Suburb,5,1.0,3.0,26.0,7,0,322200
3112.0,Suburb,10,3.1,1.0,16.0,10,0,621000
1600.0,Suburb,5,2.1,2.0,34.0,5,0,363400
1155.0,Suburb,4,1.4,2.0,38.0,8,0,316800
1555.0,Downtown,5,1.6,2.0,20.0,8,1,455900
969.0,Suburb,3,1.1,4.0,53.0,6,0,271900
2168.0,Rural,7,2.3,2.0,71.0,6,0,315700
1084.0,Downtown,3,,2.0,29.0,4,1,312100
1572.0,Suburb,5,1.5,1.0,15.0,4,0,332000
1884.0,Suburb,5,1.9,2.0,11.0,5,1,430100
1515.0,Suburb,6,1.5,2.0,22.0,4,1,342600
1381.0,Suburb,5,1.3,,27.0,8,1,364500
1344.0,Rural,5,1.9,2.0,10.0,4,1,259500
1315.0,Suburb,3,1.7,2.0,22.0,6,1,353600
1114.0,Downtown,3,1.0,3.0,52.0,7,1,302000
1160.0,Waterfront,5,1.0,2.0,4.0,6,0,654800
2151.0,Downtown,10,2.3,2.0,30.0,7,0,502500
1294.0,Rural,5,2.2,2.0,18.0,7,1,285100
1042.0,Downtown,4,1.0,2.0,28.0,5,0,319300
1135.0,Suburb,4,1.2,1.0,73.0,6,0,230800
1905.0,Suburb,5,2.1,1.0,27.0,6,1,412300
1663.0,Downtown,6,1.8,1.0,24.0,8,0,456400
1602.0,Rural,4,1.6,3.0,43.0,9,0,296600
1233.0,Downtown,3,1.8,2.0,34.0,4,1,338400
1609.0,Suburb,4,1.9,2.0,30.0,3,0,332700
1090.0,Rural,4,1.5,2.0,35.0,7,0,251000
1233.0,Suburb,4,1.6,3.0,,8,1,315900
1827.0,Suburb,6,2.3,1.0,49.0,9,1,433900
1772.0,Suburb,6,2.5,2.0,23.0,7,0,409800
978.0,Downtown,2,1.6,2.0,71.0,8,0,330400
1019.0,Rural,3,1.9,2.0,19.0,8,0,242400
1387.0,Suburb,4,2.0,2.0,30.0,8,1,352000
2327.0,Suburb,6,2.4,2.0,32.0,8,0,458200
726.0,Suburb,2,1.1,3.0,22.0,4,1,239600
1464.0,Suburb,4,1.9,2.0,66.0,6,1,306300
862.0,Downtown,3,1.6,3.0,21.0,6,0,351800
1093.0,Downtown,4,1.0,2.0,25.0,6,1,333700
1192.0,Suburb,3,1.5,1.0,54.0,6,1,273200
,Downtown,3,1.1,3.0,20.0,8,1,402700
1129.0,Downtown,5,1.4,2.0,10.0,5,0,382200
1343.0,Suburb,4,1.4,2.0,31.0,7,0,348500
1129.0,Suburb,4,1.4,2.0,12.0,6,1,341800
839.0,Suburb,3,1.0,0.0,11.0,5,1,258800
1719.0,Rural,6,2.2,0.0,4.0,5,0,300700
1704.0,Suburb,6,2.0,3.0,5.0,4,0,423700
1754.0,Downtown,5,2.0,2.0,5.0,7,1,514400
818.0,Rural,3,1.6,3.0,77.0,6,0,181700
1474.0,Suburb,5,1.5,1.0,5.0,5,0,371400
1663.0,Suburb,5,2.0,1.0,12.0,4,0,377000
,Rural,2,1.1,3.0,26.0,6,0,196000
1343.0,Downtown,5,,2.0,42.0,6,0,369200
1291.0,Suburb,5,2.2,2.0,45.0,5,0,334200
2415.0,Suburb,7,2.7,2.0,15.0,5,0,491000
2480.0,Downtown,8,2.6,2.0,30.0,7,0,562300
786.0,Suburb,2,1.5,1.0,25.0,6,0,278300
2975.0,Suburb,8,3.2,1.0,28.0,7,0,563700
999.0,Downtown,2,1.0,3.0,31.0,4,0,314100
1833.0,Suburb,5,1.8,3.0,37.0,6,0,397400
1827.0,Suburb,5,1.6,1.0,18.0,8,0,424100
974.0,Suburb,2,1.0,1.0,59.0,6,1,258200
1568.0,Downtown,5,1.6,2.0,22.0,6,0,443600
1294.0,Suburb,5,1.4,2.0,101.0,6,1,296500
1599.0,Suburb,6,2.2,2.0,19.0,5,0,361800
1442.0,Suburb,4,1.8,2.0,30.0,5,0,336700
1964.0,Rural,5,2.4,2.0,25.0,4,0,327800
1372.0,Waterfront,5,,2.0,29.0,8,0,683700
1269.0,Downtown,4,1.7,4.0,55.0,7,0,342300
1902.0,Suburb,6,2.6,2.0,24.0,7,1,416500
1613.0,Rural,6,1.9,3.0,11.0,7,0,302800
1693.0,Suburb,5,2.0,3.0,18.0,7,0,394200
1083.0,Waterfront,1,1.0,2.0,24.0,5,0,542800
959.0,Rural,2,1.4,0.0,32.0,5,1,210200
1117.0,Rural,4,1.9,2.0,15.0,5,0,231700
1098.0,Downtown,3,1.3,2.0,17.0,9,0,409200
1723.0,Downtown,5,1.7,2.0,33.0,8,0,429400
1830.0,Suburb,5,2.0,1.0,33.0,7,1,395500
1275.0,Suburb,4,1.3,3.0,50.0,8,1,335200
2117.0,Rural,6,2.2,3.0,18.0,8,0,381700
2075.0,Waterfront,7,2.5,3.0,40.0,5,0,823200
1448.0,Downtown,4,1.7,,25.0,6,1,392900
1030.0,Suburb,3,1.5,,20.0,6,0,306300
2217.0,Rural,6,2.6,2.0,26.0,8,0,347300
1314.0,Rural,4,1.2,3.0,29.0,6,0,266200
1395.0,Rural,4,1.4,2.0,10.0,6,0,251500
1202.0,Suburb,4,1.1,2.0,11.0,5,0,320200
1008.0,Waterfront,3,1.1,2.0,43.0,7,1,614100
837.0,Suburb,3,1.6,2.0,21.0,4,1,273100
1640.0,Downtown,4,2.5,3.0,32.0,6,0,395300
1042.0,Downtown,3,1.5,2.0,42.0,3,0,277300
3565.0,Suburb,11,4.0,2.0,26.0,6,0,655700
946.0,Rural,4,1.0,2.0,40.0,6,1,220000
896.0,Suburb,2,1.1,2.0,29.0,6,0,267800
1577.0,Suburb,5,1.5,2.0,30.0,6,0,318700
2185.0,Suburb,7,3.0,1.0,58.0,8,0,464500
1367.0,Rural,4,1.0,1.0,24.0,8,0,289000
1609.0,Downtown,6,1.9,2.0,43.0,6,0,414300
743.0,Suburb,2,1.0,2.0,8.0,6,0,265900
1078.0,Downtown,3,1.2,2.0,31.0,5,1,339000
950.0,Suburb,4,1.3,2.0,67.0,7,0,283800
730.0,Suburb,4,1.2,3.0,106.0,4,1,183000
1391.0,Suburb,5,1.5,3.0,9.0,9,0,387800
653.0,Suburb,2,1.0,3.0,21.0,7,0,263000
877.0,Waterfront,3,1.0,1.0,13.0,4,1,539100
1128.0,Rural,4,1.3,1.0,25.0,5,1,226900
1027.0,Suburb,3,1.5,2.0,48.0,6,0,238000
1521.0,Downtown,4,1.8,2.0,59.0,6,1,392500
1477.0,Downtown,5,1.5,2.0,61.0,7,1,411100
1783.0,Downtown,6,1.9,2.0,8.0,6,1,494200
1704.0,Downtown,5,2.2,2.0,28.0,8,0,477500
1930.0,Rural,5,1.8,2.0,17.0,6,0,323600
1339.0,Waterfront,4,1.2,1.0,24.0,9,0,693200
1476.0,Downtown,3,1.9,4.0,19.0,7,0,449600
1578.0,Rural,5,1.6,2.0,8.0,4,0,290800
1402.0,Rural,4,1.0,3.0,60.0,9,1,292300
1180.0,Suburb,4,1.8,2.0,15.0,8,0,331500
1204.0,Rural,5,1.0,2.0,18.0,7,0,246500
1031.0,Waterfront,4,1.1,,68.0,7,0,540200
1533.0,Waterfront,6,1.5,3.0,7.0,5,0,689600
1300.0,Rural,5,1.3,2.0,37.0,4,1,215000
1083.0,Suburb,4,1.0,3.0,53.0,6,1,293000
1084.0,Downtown,5,1.5,1.0,64.0,8,0,339900
909.0,Waterfront,2,1.0,3.0,35.0,6,0,555400
1832.0,Downtown,5,2.4,2.0,44.0,9,0,480700
1374.0,Suburb,5,1.3,1.0,53.0,8,1,309300
1016.0,Downtown,3,1.9,4.0,25.0,6,0,339600
1735.0,Suburb,6,1.3,3.0,14.0,8,0,414300
1120.0,Downtown,3,1.0,0.0,71.0,8,0,311100
854.0,Rural,2,1.6,2.0,41.0,6,0,170300
1857.0,Suburb,7,2.2,3.0,28.0,6,0,396200
1128.0,Suburb,3,1.4,2.0,9.0,6,1,313100
1175.0,Suburb,4,1.5,3.0,3.0,3,0,322700
1357.0,Suburb,5,1.7,3.0,36.0,6,0,339200
1931.0,Rural,5,2.3,2.0,3.0,7,0,361400
1348.0,Rural,4,1.2,4.0,28.0,6,0,260000
913.0,Rural,2,,3.0,16.0,6,1,223100
1594.0,Suburb,5,2.0,2.0,19.0,6,1,389900
1147.0,Rural,3,1.8,2.0,61.0,3,1,188400
2451.0,Suburb,8,3.3,3.0,16.0,9,1,534000
1339.0,Suburb,3,1.6,1.0,29.0,6,1,298200
655.0,Suburb,4,1.0,2.0,16.0,5,0,231700
1502.0,Suburb,5,2.3,2.0,34.0,8,0,388900
2496.0,Suburb,8,2.4,2.0,31.0,8,1,536900
2218.0,Suburb,7,2.6,2.0,28.0,7,1,457000
2406.0,Suburb,7,2.6,1.0,53.0,8,0,438700
966.0,Rural,4,1.0,3.0,7.0,4,0,230000
1793.0,Suburb,4,2.3,2.0,5.0,6,1,415900
1063.0,Suburb,4,1.3,4.0,10.0,8,0,316500
1439.0,Rural,4,1.8,2.0,31.0,5,0,209100
891.0,Downtown,3,1.0,3.0,38.0,4,0,264100
1090.0,Downtown,3,1.2,3.0,1.0,6,0,359400
1079.0,Suburb,3,1.0,3.0,38.0,6,0,264900
1786.0,Downtown,6,1.9,2.0,21.0,7,1,487500
1731.0,Downtown,4,1.9,2.0,72.0,4,1,359000
1463.0,Rural,4,2.3,3.0,36.0,3,0,244900
869.0,Downtown,3,1.0,4.0,67.0,7,0,340900
1212.0,Suburb,3,1.0,2.0,59.0,4,0,259100
1111.0,Suburb,4,1.0,2.0,29.0,4,0,236000
1175.0,Suburb,4,1.0,2.0,46.0,6,0,293500
1280.0,Rural,5,1.4,3.0,43.0,7,1,232900
1353.0,Rural,5,1.9,1.0,47.0,6,0,235800
1566.0,Rural,5,2.1,1.0,31.0,7,1,291700
1644.0,Suburb,5,1.5,2.0,10.0,6,1,390800
1400.0,Suburb,3,1.5,2.0,34.0,6,0,326300
1054.0,Waterfront,5,1.5,2.0,4.0,8,0,666700
1417.0,Downtown,5,1.8,2.0,28.0,7,0,404100
906.0,Downtown,3,1.4,1.0,14.0,6,0,324000
636.0,Suburb,2,,3.0,69.0,2,0,185400
1144.0,Suburb,4,1.0,1.0,27.0,10,1,336900
2123.0,Rural,7,2.1,2.0,22.0,7,0,364900
2629.0,Suburb,8,3.6,1.0,21.0,8,0,524100
1341.0,Suburb,3,1.0,3.0,44.0,6,0,308600
