CustomerID,Recency,Frequency,Monetary,AvgOrderValue,TenureDays,SnapshotDate,Cluster,DistanceToCentroid,Segment
12346,284,1,12.9,12.9,284,2011-12-10 18:30:00,1,0.7399635554848525,Hibernating / Lost
12347,167,3,58.510000000000005,19.503333333333334,251,2011-12-10 18:30:00,1,0.5510474633845818,Hibernating / Lost
12348,14,2,34.65,17.325,21,2011-12-10 18:30:00,2,0.5477948460388364,New / Promising
12349,164,1,18.130000000000003,18.130000000000003,164,2011-12-10 18:30:00,1,0.7049976707901818,Hibernating / Lost
12350,59,12,1172.45,97.70416666666667,428,2011-12-10 18:30:00,0,0.4006758089944646,Loyal Customers
12351,6,3,5.85,1.95,19,2011-12-10 18:30:00,2,0.9989843292948581,New / Promising
12352,98,1,17.59,17.59,98,2011-12-10 18:30:00,1,0.929527363297244,Hibernating / Lost
12353,473,2,44.019999999999996,22.009999999999998,510,2011-12-10 18:30:00,1,0.5930124742066338,Hibernating / Lost
12354,38,15,1836.65,122.44333333333334,371,2011-12-10 18:30:00,0,0.48365407258052995,Loyal Customers
12355,245,2,95.44,47.72,282,2011-12-10 18:30:00,1,0.6090255631979224,Hibernating / Lost
12356,31,9,581.18,64.57555555555555,276,2011-12-10 18:30:00,0,0.40331827115826313,Loyal Customers
12357,28,1,2.14,2.14,28,2011-12-10 18:30:00,2,0.8977594597538542,New / Promising
12358,112,4,44.63,11.1575,182,2011-12-10 18:30:00,3,0.7992677054618509,At Risk - High Value
12359,17,1,14.4,14.4,17,2011-12-10 18:30:00,2,0.3803224993647934,New / Promising
12360,59,6,194.13,32.355,203,2011-12-10 18:30:00,3,0.4852503688061346,At Risk - High Value
12361,22,8,265.53,33.19125,243,2011-12-10 18:30:00,5,0.7013547302825696,Loyal Customers (less frequent)
12362,179,4,133.66,33.415,229,2011-12-10 18:30:00,3,0.530076193560512,At Risk - High Value
12363,31,14,2090.86,149.34714285714287,394,2011-12-10 18:30:00,0,0.4740818227440549,Loyal Customers
12364,40,1,40.120000000000005,40.120000000000005,40,2011-12-10 18:30:00,2,0.9175896624314884,New / Promising
12365,494,2,29.1,14.55,500,2011-12-10 18:30:00,1,0.5843853204378492,Hibernating / Lost
12366,383,3,61.55,20.516666666666666,401,2011-12-10 18:30:00,1,0.639700504263411,Hibernating / Lost
12367,9,8,546.62,68.3275,204,2011-12-10 18:30:00,5,0.44439621335177437,Loyal Customers (less frequent)
12368,27,1,3.68,3.68,27,2011-12-10 18:30:00,2,0.7288956521924553,New / Promising
12369,14,2,15.969999999999999,7.984999999999999,51,2011-12-10 18:30:00,2,0.2664477782145177,New / Promising
12370,72,3,79.64,26.546666666666667,110,2011-12-10 18:30:00,3,0.8291563656271055,At Risk - High Value
12371,26,15,1349.32,89.95466666666667,507,2011-12-10 18:30:00,0,0.4650352406683056,Loyal Customers
12372,123,2,130.86,65.43,147,2011-12-10 18:30:00,1,0.9045442326047415,Hibernating / Lost
12373,22,27,8278.97,306.6285185185185,694,2011-12-10 18:30:00,4,0.7951301814661105,Champions
12374,52,16,1592.63,99.539375,624,2011-12-10 18:30:00,0,0.5889482928613083,Loyal Customers
12375,195,4,20.32,5.08,233,2011-12-10 18:30:00,1,0.6731965935336007,Hibernating / Lost
12376,145,5,61.64,12.328,209,2011-12-10 18:30:00,3,0.6165358335187725,At Risk - High Value
12377,2,3,8.780000000000001,2.926666666666667,18,2011-12-10 18:30:00,2,1.5145575828775397,New / Promising
12378,57,4,194.52,48.63,95,2011-12-10 18:30:00,3,0.5848723343484623,At Risk - High Value
12379,109,9,517.22,57.46888888888889,382,2011-12-10 18:30:00,3,0.8045193691260203,At Risk - High Value
12380,2,5,66.19,13.238,109,2011-12-10 18:30:00,5,1.2023458000767557,Loyal Customers (less frequent)
12381,43,12,922.38,76.865,339,2011-12-10 18:30:00,0,0.1805777141563968,Loyal Customers
12382,27,11,1578.6000000000001,143.50909090909093,412,2011-12-10 18:30:00,0,0.29858888842466463,Loyal Customers
12383,74,4,186.82,46.705,122,2011-12-10 18:30:00,3,0.43343379892049544,At Risk - High Value
12384,76,6,296.06,49.343333333333334,163,2011-12-10 18:30:00,3,0.3751852000940716,At Risk - High Value
12385,179,1,28.340000000000003,28.340000000000003,179,2011-12-10 18:30:00,1,0.6485361844348005,Hibernating / Lost
12386,241,7,274.07,39.152857142857144,436,2011-12-10 18:30:00,3,0.711975359540862,At Risk - High Value
12387,26,1,1.49,1.49,26,2011-12-10 18:30:00,2,0.978111580151799,New / Promising
12388,233,1,6.5,6.5,233,2011-12-10 18:30:00,1,0.9244646609266243,Hibernating / Lost
12389,114,8,687.49,85.93625,338,2011-12-10 18:30:00,3,0.8060272914390545,At Risk - High Value
12390,22,1,40.94,40.94,22,2011-12-10 18:30:00,2,0.7077574557377955,New / Promising
12391,17,3,57.55,19.183333333333334,57,2011-12-10 18:30:00,2,0.9423642553712311,New / Promising
12392,88,4,127.88,31.97,130,2011-12-10 18:30:00,3,0.4133766670659948,At Risk - High Value
12393,18,6,417.51,69.585,219,2011-12-10 18:30:00,5,0.5390280355316877,Loyal Customers (less frequent)
12394,259,1,1.62,1.62,259,2011-12-10 18:30:00,1,1.3698053535037655,Hibernating / Lost
12395,16,15,1408.29,93.886,396,2011-12-10 18:30:00,0,0.7160404867969832,Loyal Customers
12396,9,13,1430.71,110.05461538461539,450,2011-12-10 18:30:00,4,0.857593110174754,Champions
12397,17,16,3049.25,190.578125,468,2011-12-10 18:30:00,4,0.6251070782691253,Champions
12398,235,1,11.72,11.72,235,2011-12-10 18:30:00,1,0.7475254727967596,Hibernating / Lost
12399,407,4,25.95,6.4875,452,2011-12-10 18:30:00,1,0.7742540596277679,Hibernating / Lost
12400,271,3,14.68,4.8933333333333335,335,2011-12-10 18:30:00,1,0.4745970366597215,Hibernating / Lost
12401,388,3,36.82,12.273333333333333,452,2011-12-10 18:30:00,1,0.5344105955148223,Hibernating / Lost
12402,258,8,189.22,23.6525,492,2011-12-10 18:30:00,3,0.8208619132865298,At Risk - High Value
12403,227,7,140.86,20.122857142857146,350,2011-12-10 18:30:00,3,0.6688579461336379,At Risk - High Value
12404,54,18,1459.5,81.08333333333333,614,2011-12-10 18:30:00,0,0.7148406372855036,Loyal Customers
12405,2,9,1255.3700000000001,139.48555555555558,260,2011-12-10 18:30:00,5,1.272040629389835,Loyal Customers (less frequent)
12406,383,2,46.36,23.18,411,2011-12-10 18:30:00,1,0.46098736854746286,Hibernating / Lost
12407,168,4,216.61,54.1525,228,2011-12-10 18:30:00,3,0.46437089166413376,At Risk - High Value
12408,183,3,107.17,35.723333333333336,233,2011-12-10 18:30:00,1,0.7633959803632215,Hibernating / Lost
12409,238,3,51.39,17.13,264,2011-12-10 18:30:00,1,0.4468786699344347,Hibernating / Lost
12410,230,1,8.5,8.5,230,2011-12-10 18:30:00,1,0.8393717495758328,Hibernating / Lost
12411,228,4,230.14000000000001,57.535000000000004,296,2011-12-10 18:30:00,3,0.655402079194043,At Risk - High Value
12412,90,4,52.16,13.04,124,2011-12-10 18:30:00,3,0.7428386218571102,At Risk - High Value
12413,57,6,263.34,43.88999999999999,177,2011-12-10 18:30:00,3,0.5335899666984936,At Risk - High Value
12414,7,32,12502.34,390.698125,711,2011-12-10 18:30:00,4,0.7672167050845669,Champions
12415,215,4,130.3,32.575,284,2011-12-10 18:30:00,3,0.6419153430154885,At Risk - High Value
12416,31,9,315.78000000000003,35.08666666666667,206,2011-12-10 18:30:00,0,0.658261334701914,Loyal Customers
12417,2,7,123.19,17.59857142857143,136,2011-12-10 18:30:00,5,1.0175359082371602,Loyal Customers (less frequent)
12418,8,2,9.46,4.73,28,2011-12-10 18:30:00,2,0.5900866041432431,New / Promising
12419,34,8,539.9,67.4875,166,2011-12-10 18:30:00,0,0.5239338806572619,Loyal Customers
12420,16,30,7896.54,263.218,591,2011-12-10 18:30:00,4,0.6917442408559622,Champions
12421,14,9,468.44,52.04888888888889,178,2011-12-10 18:30:00,5,0.5925200504919877,Loyal Customers (less frequent)
12422,48,8,510.95000000000005,63.868750000000006,258,2011-12-10 18:30:00,0,0.586684008699724,Loyal Customers
12423,161,2,74.5,37.25,170,2011-12-10 18:30:00,1,0.558140655227701,Hibernating / Lost
12424,97,7,199.32999999999998,28.475714285714282,301,2011-12-10 18:30:00,3,0.3379602524502103,At Risk - High Value
12425,255,2,29.31,14.655,282,2011-12-10 18:30:00,1,0.09801570614070489,Hibernating / Lost
12426,437,2,35.349999999999994,17.674999999999997,480,2011-12-10 18:30:00,1,0.5031615069568312,Hibernating / Lost
12427,243,8,60.72,7.59,313,2011-12-10 18:30:00,3,0.9752430514106282,At Risk - High Value
12428,404,3,24.439999999999998,8.146666666666667,478,2011-12-10 18:30:00,1,0.5466074047007743,Hibernating / Lost
12429,52,13,925.01,71.15461538461538,380,2011-12-10 18:30:00,0,0.35197038150505583,Loyal Customers
12430,24,33,8862.57,268.5627272727273,654,2011-12-10 18:30:00,4,0.9951083043139877,Champions
12431,55,11,1543.76,140.34181818181818,352,2011-12-10 18:30:00,0,0.3906731559886033,Loyal Customers
12432,193,2,56.75,28.375,214,2011-12-10 18:30:00,1,0.3768259163941307,Hibernating / Lost
12433,260,5,99.45,19.89,296,2011-12-10 18:30:00,3,0.7477134412530297,At Risk - High Value
12434,5,10,1409.5,140.95,306,2011-12-10 18:30:00,5,1.067495317341442,Loyal Customers (less frequent)
12436,39,8,643.28,80.41,126,2011-12-10 18:30:00,0,0.47897934509414314,Loyal Customers
12437,189,4,58.019999999999996,14.504999999999999,259,2011-12-10 18:30:00,1,0.7493238894001698,Hibernating / Lost
12438,202,7,124.47,17.78142857142857,313,2011-12-10 18:30:00,3,0.615292011126813,At Risk - High Value
12439,12,6,263.15,43.85833333333333,180,2011-12-10 18:30:00,5,0.21351201857551433,Loyal Customers (less frequent)
12440,42,4,199.53,49.8825,138,2011-12-10 18:30:00,3,0.7876798326308047,At Risk - High Value
12441,375,2,25.02,12.51,387,2011-12-10 18:30:00,1,0.37921115123210813,Hibernating / Lost
12442,40,7,461.01,65.85857142857142,216,2011-12-10 18:30:00,0,0.7064286988468016,Loyal Customers
12443,20,16,1677.48,104.8425,553,2011-12-10 18:30:00,0,0.6748315317519057,Loyal Customers
12444,27,10,1641.49,164.149,279,2011-12-10 18:30:00,0,0.3411085827166643,Loyal Customers
12445,7,1,11.61,11.61,7,2011-12-10 18:30:00,2,0.7391444730089869,New / Promising
12446,17,1,9.719999999999999,9.719999999999999,17,2011-12-10 18:30:00,2,0.39141373133574436,New / Promising
12447,7,1,2.68,2.68,7,2011-12-10 18:30:00,2,0.9875614290794851,New / Promising
12448,83,7,285.2,40.74285714285714,149,2011-12-10 18:30:00,3,0.43260144696733455,At Risk - High Value
12449,34,3,25.669999999999998,8.556666666666667,68,2011-12-10 18:30:00,2,0.8376736741280142,New / Promising
12450,120,3,50.08,16.69333333333333,150,2011-12-10 18:30:00,1,0.665774864262421,Hibernating / Lost
12451,373,3,47.41,15.803333333333333,379,2011-12-10 18:30:00,1,0.5575606509295028,Hibernating / Lost
12452,188,2,14.360000000000001,7.180000000000001,196,2011-12-10 18:30:00,1,0.3666666373917127,Hibernating / Lost
12453,18,7,158.83999999999997,22.691428571428567,174,2011-12-10 18:30:00,5,0.5813329770576459,Loyal Customers (less frequent)
12454,57,12,1226.28,102.19,273,2011-12-10 18:30:00,0,0.3806331826861368,Loyal Customers
12455,36,1,9.62,9.62,36,2011-12-10 18:30:00,2,0.6675884195494844,New / Promising
12456,218,3,50.62,16.87333333333333,276,2011-12-10 18:30:00,1,0.4437792447232929,Hibernating / Lost
12457,15,9,422.0,46.888888888888886,253,2011-12-10 18:30:00,5,0.5995690185693215,Loyal Customers (less frequent)
12458,20,5,300.67,60.134,77,2011-12-10 18:30:00,5,0.6345340630051824,Loyal Customers (less frequent)
12459,98,4,137.53,34.3825,132,2011-12-10 18:30:00,3,0.3707666854483448,At Risk - High Value
12460,60,9,821.3,91.25555555555555,356,2011-12-10 18:30:00,0,0.49025400443398554,Loyal Customers
12461,7,1,9.28,9.28,7,2011-12-10 18:30:00,2,0.750864797496131,New / Promising
12462,423,3,38.38,12.793333333333335,432,2011-12-10 18:30:00,1,0.5900451423456438,Hibernating / Lost
12463,303,1,4.8,4.8,303,2011-12-10 18:30:00,1,1.0453954600431385,Hibernating / Lost
12464,145,3,72.71000000000001,24.236666666666668,229,2011-12-10 18:30:00,1,0.6773019754062519,Hibernating / Lost
12465,444,3,39.68,13.226666666666667,511,2011-12-10 18:30:00,1,0.6237770018886569,Hibernating / Lost
12466,79,3,78.49,26.16333333333333,121,2011-12-10 18:30:00,3,0.8092606960938554,At Risk - High Value
12467,15,1,18.93,18.93,15,2011-12-10 18:30:00,2,0.4360333171892721,New / Promising
12468,8,13,913.15,70.24230769230769,377,2011-12-10 18:30:00,4,1.0288262566142166,Champions
12469,241,5,50.48,10.096,331,2011-12-10 18:30:00,3,0.9081242437199268,At Risk - High Value
12470,16,28,5278.48,188.51714285714283,712,2011-12-10 18:30:00,4,0.5752174819188414,Champions
12471,126,7,135.83,19.404285714285717,274,2011-12-10 18:30:00,3,0.3876970465487569,At Risk - High Value
12472,87,4,137.91,34.4775,161,2011-12-10 18:30:00,3,0.3993574199825673,At Risk - High Value
12473,27,10,517.11,51.711,355,2011-12-10 18:30:00,0,0.4220251596279055,Loyal Customers
12474,3,15,2045.56,136.37066666666666,354,2011-12-10 18:30:00,4,0.9104291139154892,Champions
12475,151,7,231.57,33.08142857142857,318,2011-12-10 18:30:00,3,0.42132515275959576,At Risk - High Value
12476,21,12,944.94,78.745,390,2011-12-10 18:30:00,0,0.4006981261541385,Loyal Customers
12477,40,2,29.25,14.625,81,2011-12-10 18:30:00,2,0.7644579441538191,New / Promising
12478,225,2,51.01,25.505,265,2011-12-10 18:30:00,1,0.29913167080799835,Hibernating / Lost
12479,84,8,504.87,63.10875,365,2011-12-10 18:30:00,3,0.7151730622424065,At Risk - High Value
12480,192,6,164.59,27.43166666666667,337,2011-12-10 18:30:00,3,0.46380364045861067,At Risk - High Value
12481,19,28,7922.92,282.9614285714286,718,2011-12-10 18:30:00,4,0.7236961865887992,Champions
12482,2,1,6.66,6.66,2,2011-12-10 18:30:00,2,1.4676974335577357,New / Promising
12483,151,7,179.95,25.707142857142856,323,2011-12-10 18:30:00,3,0.41279341813454373,At Risk - High Value
12484,119,3,40.379999999999995,13.459999999999999,197,2011-12-10 18:30:00,1,0.6330571248100496,Hibernating / Lost
12485,51,13,1634.76,125.75076923076924,400,2011-12-10 18:30:00,0,0.411266730191868,Loyal Customers
12486,141,8,95.66999999999999,11.958749999999998,229,2011-12-10 18:30:00,3,0.633838149439297,At Risk - High Value
12487,5,5,214.46,42.892,57,2011-12-10 18:30:00,5,0.4947866181538842,Loyal Customers (less frequent)
12488,9,3,32.230000000000004,10.743333333333334,40,2011-12-10 18:30:00,2,0.8719480115348129,New / Promising
12489,129,4,78.06,19.515,237,2011-12-10 18:30:00,3,0.5704832922900135,At Risk - High Value
12490,124,4,151.49,37.8725,199,2011-12-10 18:30:00,3,0.3564467868743619,At Risk - High Value
12491,43,7,343.99,49.14142857142857,223,2011-12-10 18:30:00,0,0.8078570086530437,Loyal Customers
12492,101,8,382.40999999999997,47.801249999999996,354,2011-12-10 18:30:00,3,0.5999465028097896,At Risk - High Value
12493,198,3,99.30000000000001,33.1,278,2011-12-10 18:30:00,1,0.7180787254384807,Hibernating / Lost
12494,163,6,243.3,40.550000000000004,268,2011-12-10 18:30:00,3,0.35957043277165107,At Risk - High Value
12495,7,27,5751.35,213.01296296296297,720,2011-12-10 18:30:00,4,0.3813965902276066,Champions
12496,15,2,22.05,11.025,34,2011-12-10 18:30:00,2,0.3443036661639651,New / Promising
12497,1,2,8.05,4.025,25,2011-12-10 18:30:00,2,1.7234613344421512,New / Promising
12498,48,12,1061.83,88.48583333333333,373,2011-12-10 18:30:00,0,0.24708081902252516,Loyal Customers
12499,25,7,352.56,50.36571428571428,209,2011-12-10 18:30:00,5,0.7549942158578369,Loyal Customers (less frequent)
12500,16,11,1693.46,153.9509090909091,268,2011-12-10 18:30:00,0,0.6387476199327499,Loyal Customers
12501,413,1,37.89,37.89,413,2011-12-10 18:30:00,1,0.7745769168581392,Hibernating / Lost
12502,111,9,341.97,37.99666666666667,311,2011-12-10 18:30:00,3,0.6954658284152491,At Risk - High Value
12503,2,3,85.36,28.453333333333333,41,2011-12-10 18:30:00,5,1.3763330408306613,Loyal Customers (less frequent)
12504,318,1,30.540000000000003,30.540000000000003,318,2011-12-10 18:30:00,1,0.665465437745295,Hibernating / Lost
12505,308,3,39.41,13.136666666666665,388,2011-12-10 18:30:00,1,0.4321294753715249,Hibernating / Lost
12506,33,9,743.6,82.62222222222222,248,2011-12-10 18:30:00,0,0.3161129227443997,Loyal Customers
12508,82,5,174.07999999999998,34.815999999999995,202,2011-12-10 18:30:00,3,0.23124395264995035,At Risk - High Value
12509,16,19,4387.86,230.93999999999997,498,2011-12-10 18:30:00,4,0.44729023392162565,Champions
12510,144,7,232.02,33.145714285714284,288,2011-12-10 18:30:00,3,0.401077406806616,At Risk - High Value
12511,25,8,431.28,53.91,215,2011-12-10 18:30:00,0,0.6532871178467278,Loyal Customers
12512,36,1,7.91,7.91,36,2011-12-10 18:30:00,2,0.6890717919623374,New / Promising
12513,481,2,11.08,5.54,523,2011-12-10 18:30:00,1,0.7191203294023839,Hibernating / Lost
12514,34,7,375.99,53.712857142857146,179,2011-12-10 18:30:00,0,0.7649504533983702,Loyal Customers
12515,35,2,43.07,21.535,72,2011-12-10 18:30:00,2,0.814180175722544,New / Promising
12516,45,5,397.13,79.426,113,2011-12-10 18:30:00,3,0.7635155906256368,At Risk - High Value
12517,229,5,92.13,18.426,361,2011-12-10 18:30:00,3,0.682717980758578,At Risk - High Value
12518,57,3,241.54999999999998,80.51666666666667,133,2011-12-10 18:30:00,3,0.8029770021105666,At Risk - High Value
12519,26,2,21.03,10.515,47,2011-12-10 18:30:00,2,0.42950031879035716,New / Promising
12520,19,16,1892.07,118.254375,512,2011-12-10 18:30:00,0,0.722940953220984,Loyal Customers
12521,22,21,7563.68,360.1752380952381,577,2011-12-10 18:30:00,4,0.7054102904015802,Champions
12522,2,3,134.85,44.949999999999996,65,2011-12-10 18:30:00,5,1.2943847973407534,Loyal Customers (less frequent)
12523,35,1,1.62,1.62,35,2011-12-10 18:30:00,2,1.0459296912371872,New / Promising
12525,349,2,28.42,14.21,388,2011-12-10 18:30:00,1,0.32054010580582976,Hibernating / Lost
12526,34,3,17.59,5.863333333333333,42,2011-12-10 18:30:00,2,0.780186171346527,New / Promising
12527,7,2,43.08,21.54,17,2011-12-10 18:30:00,2,0.8939967596800599,New / Promising
12528,33,3,155.09,51.696666666666665,72,2011-12-10 18:30:00,3,1.1020890086252442,At Risk - High Value
12529,41,10,507.81,50.781,349,2011-12-10 18:30:00,0,0.3944465674990147,Loyal Customers
12530,500,3,26.1,8.700000000000001,572,2011-12-10 18:30:00,1,0.6793955353224193,Hibernating / Lost
12531,130,3,78.56,26.186666666666667,164,2011-12-10 18:30:00,1,0.7502347342947109,Hibernating / Lost
12532,79,7,316.98,45.28285714285715,274,2011-12-10 18:30:00,3,0.4771786911133882,At Risk - High Value
12533,6,15,1447.93,96.52866666666667,318,2011-12-10 18:30:00,4,0.7736740313457205,Champions
12534,291,1,6.2700000000000005,6.2700000000000005,291,2011-12-10 18:30:00,1,0.952521641264331,Hibernating / Lost
12535,25,6,77.14,12.856666666666667,118,2011-12-10 18:30:00,5,0.9785175351851357,Loyal Customers (less frequent)
12536,11,2,46.44,23.22,22,2011-12-10 18:30:00,2,0.7385923508888713,New / Promising
12537,101,10,535.77,53.577,367,2011-12-10 18:30:00,0,0.8666454247604075,Loyal Customers
12538,50,10,1060.69,106.069,239,2011-12-10 18:30:00,0,0.2925548565964346,Loyal Customers
12539,35,1,12.31,12.31,35,2011-12-10 18:30:00,2,0.6395962214463724,New / Promising
12540,20,13,1981.0,152.3846153846154,270,2011-12-10 18:30:00,0,0.5734955433083561,Loyal Customers
12541,3,11,1138.3700000000001,103.48818181818183,363,2011-12-10 18:30:00,5,1.2095424121958278,Loyal Customers (less frequent)
12542,229,2,87.44000000000001,43.720000000000006,259,2011-12-10 18:30:00,1,0.5639470895724907,Hibernating / Lost
12543,4,1,20.94,20.94,4,2011-12-10 18:30:00,2,1.0939421668137685,New / Promising
12544,25,15,1187.28,79.152,377,2011-12-10 18:30:00,0,0.4653448950102662,Loyal Customers
12545,86,9,304.22,33.80222222222223,306,2011-12-10 18:30:00,3,0.6962159791966908,At Risk - High Value
12546,458,2,2.8600000000000003,1.4300000000000002,458,2011-12-10 18:30:00,1,1.1508771841738301,Hibernating / Lost
12547,39,3,11.07,3.69,82,2011-12-10 18:30:00,2,0.8351947595573342,New / Promising
12548,68,7,190.92000000000002,27.274285714285718,239,2011-12-10 18:30:00,3,0.4831858100793824,At Risk - High Value
12549,27,9,846.27,94.03,142,2011-12-10 18:30:00,0,0.3481252175653631,Loyal Customers
12550,17,26,8395.46,322.90230769230766,638,2011-12-10 18:30:00,4,0.6269558355630591,Champions
12551,79,6,310.82,51.803333333333335,168,2011-12-10 18:30:00,3,0.3698743899356601,At Risk - High Value
12552,47,17,1334.77,78.51588235294118,421,2011-12-10 18:30:00,0,0.5963594023293477,Loyal Customers
12553,240,1,25.06,25.06,240,2011-12-10 18:30:00,1,0.6214128688470825,Hibernating / Lost
12554,30,7,866.8199999999999,123.83142857142856,220,2011-12-10 18:30:00,0,0.5924946814150128,Loyal Customers
12555,127,7,128.48,18.354285714285712,256,2011-12-10 18:30:00,3,0.4029317308487854,At Risk - High Value
12556,44,3,84.39,28.13,69,2011-12-10 18:30:00,3,1.016641809345462,At Risk - High Value
12557,248,5,205.26,41.052,334,2011-12-10 18:30:00,3,0.6341917910558692,At Risk - High Value
12558,46,11,1436.86,130.62363636363636,298,2011-12-10 18:30:00,0,0.2608260245719514,Loyal Customers
12559,233,1,24.330000000000002,24.330000000000002,233,2011-12-10 18:30:00,1,0.6223005180080042,Hibernating / Lost
12560,272,2,35.91,17.955,314,2011-12-10 18:30:00,1,0.18193815014804787,Hibernating / Lost
12561,264,3,45.75,15.25,353,2011-12-10 18:30:00,1,0.42268229244943933,Hibernating / Lost
12562,25,19,2169.61,114.19000000000001,558,2011-12-10 18:30:00,0,0.8256729128311981,Loyal Customers
12563,49,9,717.78,79.75333333333333,353,2011-12-10 18:30:00,0,0.4029889698779064,Loyal Customers
12564,33,1,14.97,14.97,33,2011-12-10 18:30:00,2,0.6106640076859259,New / Promising
12565,2,5,166.16,33.232,67,2011-12-10 18:30:00,5,0.9975731388742121,Loyal Customers (less frequent)
12566,61,12,369.78,30.814999999999998,264,2011-12-10 18:30:00,0,0.6632303447210305,Loyal Customers
12567,190,8,245.44,30.68,431,2011-12-10 18:30:00,3,0.6589486719138534,At Risk - High Value
12568,313,2,4.82,2.41,313,2011-12-10 18:30:00,1,0.8500230613505274,Hibernating / Lost
12569,4,1,13.680000000000001,13.680000000000001,4,2011-12-10 18:30:00,2,1.0665379521717286,New / Promising
12570,99,7,308.84999999999997,44.12142857142857,231,2011-12-10 18:30:00,3,0.4092563816602628,At Risk - High Value
12571,9,3,6.18,2.06,19,2011-12-10 18:30:00,2,0.8075559984388262,New / Promising
12572,19,28,9198.28,328.51000000000005,610,2011-12-10 18:30:00,4,0.7555820720258202,Champions
12573,143,4,147.58,36.895,236,2011-12-10 18:30:00,3,0.40501081109045084,At Risk - High Value
12574,242,1,6.779999999999999,6.779999999999999,242,2011-12-10 18:30:00,1,0.9113946099459339,Hibernating / Lost
12575,32,13,1295.89,99.68384615384616,463,2011-12-10 18:30:00,0,0.24146689795828544,Loyal Customers
12576,61,14,1292.66,92.33285714285715,444,2011-12-10 18:30:00,0,0.5150562642924679,Loyal Customers
12577,91,6,228.63,38.105,222,2011-12-10 18:30:00,3,0.214316542856745,At Risk - High Value
12578,11,1,9.379999999999999,9.379999999999999,11,2011-12-10 18:30:00,2,0.5126384259544129,New / Promising
12579,5,2,32.11,16.055,37,2011-12-10 18:30:00,2,0.9883302017995302,New / Promising
12580,21,1,20.52,20.52,21,2011-12-10 18:30:00,2,0.46470098396823933,New / Promising
12581,101,2,27.02,13.51,121,2011-12-10 18:30:00,1,0.6359486340665014,Hibernating / Lost
12582,76,6,247.99,41.33166666666667,158,2011-12-10 18:30:00,3,0.33210267308320546,At Risk - High Value
12583,405,1,8.52,8.52,405,2011-12-10 18:30:00,1,0.941860260601057,Hibernating / Lost
12584,13,27,7167.79,265.4737037037037,676,2011-12-10 18:30:00,4,0.4867267522367951,Champions
12585,38,7,669.42,95.63142857142857,214,2011-12-10 18:30:00,0,0.6142855951693137,Loyal Customers
12586,16,2,8.82,4.41,16,2011-12-10 18:30:00,2,0.24955799399807868,New / Promising
12587,285,4,21.82,5.455,342,2011-12-10 18:30:00,1,0.6721331484338977,Hibernating / Lost
12588,82,8,548.91,68.61375,339,2011-12-10 18:30:00,3,0.7494548161819135,At Risk - High Value
12589,69,6,448.5,74.75,225,2011-12-10 18:30:00,3,0.5657512261084744,At Risk - High Value
12590,186,11,194.58,17.68909090909091,385,2011-12-10 18:30:00,3,0.973742597709763,At Risk - High Value
12591,34,2,11.75,5.875,41,2011-12-10 18:30:00,2,0.5306409291136824,New / Promising
12592,11,7,138.41,19.77285714285714,159,2011-12-10 18:30:00,5,0.39650835004770923,Loyal Customers (less frequent)
12593,199,4,121.24,30.31,287,2011-12-10 18:30:00,3,0.6079533827031689,At Risk - High Value
12594,105,8,270.53,33.81625,301,2011-12-10 18:30:00,3,0.517457333818412,At Risk - High Value
12595,24,2,25.130000000000003,12.565000000000001,31,2011-12-10 18:30:00,2,0.4508264750487379,New / Promising
12596,159,3,46.8,15.6,221,2011-12-10 18:30:00,1,0.5061528219112247,Hibernating / Lost
12597,14,2,11.52,5.76,31,2011-12-10 18:30:00,2,0.2419739853352101,New / Promising
12598,16,3,169.67000000000002,56.55666666666667,102,2011-12-10 18:30:00,5,0.9582907476586252,Loyal Customers (less frequent)
12599,77,4,250.34,62.585,188,2011-12-10 18:30:00,3,0.43356324764071236,At Risk - High Value
12600,22,9,412.15999999999997,45.79555555555555,238,2011-12-10 18:30:00,0,0.6378035622604056,Loyal Customers
12601,405,3,74.63,24.876666666666665,445,2011-12-10 18:30:00,1,0.7261814670582027,Hibernating / Lost
12602,24,1,30.72,30.72,24,2011-12-10 18:30:00,2,0.6204104661156427,New / Promising
12603,32,11,1638.6799999999998,148.9709090909091,333,2011-12-10 18:30:00,0,0.25035349774793175,Loyal Customers
12604,1,16,2261.91,141.369375,397,2011-12-10 18:30:00,4,1.3178979185205193,Champions
12605,218,2,14.14,7.07,241,2011-12-10 18:30:00,1,0.34074110485967246,Hibernating / Lost
12606,17,10,1777.03,177.703,255,2011-12-10 18:30:00,0,0.6242132354678483,Loyal Customers
12607,34,2,15.17,7.585,34,2011-12-10 18:30:00,2,0.5380272600358436,New / Promising
12608,37,7,355.95,50.85,145,2011-12-10 18:30:00,0,0.783552569832165,Loyal Customers
12609,35,17,1520.3,89.42941176470588,695,2011-12-10 18:30:00,0,0.576889184914307,Loyal Customers
12610,35,2,31.42,15.71,55,2011-12-10 18:30:00,2,0.7075668063942244,New / Promising
12611,42,13,2143.18,164.85999999999999,366,2011-12-10 18:30:00,0,0.44065129458615193,Loyal Customers
12612,80,3,129.7,43.23333333333333,142,2011-12-10 18:30:00,3,0.6974984594919175,At Risk - High Value
12613,6,7,750.3000000000001,107.1857142857143,270,2011-12-10 18:30:00,5,0.5842749949556013,Loyal Customers (less frequent)
12614,5,15,1480.05,98.67,533,2011-12-10 18:30:00,4,0.8124811387152518,Champions
12615,25,16,3201.59,200.099375,421,2011-12-10 18:30:00,0,0.7832586611401584,Loyal Customers
12616,7,27,9477.15,351.00555555555553,631,2011-12-10 18:30:00,4,0.515940754995737,Champions
12617,32,12,1260.2,105.01666666666667,384,2011-12-10 18:30:00,0,0.16017099436234802,Loyal Customers
12618,11,24,5875.67,244.81958333333333,613,2011-12-10 18:30:00,4,0.26713054788339236,Champions
12619,78,3,90.51,30.17,150,2011-12-10 18:30:00,3,0.7748849024293626,At Risk - High Value
12620,40,2,53.83,26.915,56,2011-12-10 18:30:00,2,0.9598901400765205,New / Promising
12621,34,8,439.93,54.99125,244,2011-12-10 18:30:00,0,0.5932467313064949,Loyal Customers
12622,23,3,111.51,37.17,57,2011-12-10 18:30:00,5,1.1635852065478693,Loyal Customers (less frequent)
12623,64,2,46.7,23.35,91,2011-12-10 18:30:00,1,1.0117260520125788,Hibernating / Lost
12624,33,1,9.92,9.92,33,2011-12-10 18:30:00,2,0.6136450859866956,New / Promising
12625,2,2,48.5,24.25,14,2011-12-10 18:30:00,2,1.5494351686432501,New / Promising
12626,1,20,6367.48,318.37399999999997,614,2011-12-10 18:30:00,4,1.230110161170599,Champions
12627,43,16,1328.51,83.031875,384,2011-12-10 18:30:00,0,0.5023245073427443,Loyal Customers
12628,7,7,415.51,59.35857142857143,212,2011-12-10 18:30:00,5,0.2921372782266723,Loyal Customers (less frequent)
12629,22,4,163.95,40.9875,116,2011-12-10 18:30:00,5,0.8692784755622208,Loyal Customers (less frequent)
12630,19,6,119.45,19.908333333333335,133,2011-12-10 18:30:00,5,0.6842908324873456,Loyal Customers (less frequent)
12631,181,6,131.11,21.85166666666667,309,2011-12-10 18:30:00,3,0.45762235136668905,At Risk - High Value
12632,22,15,3818.42,254.56133333333335,440,2011-12-10 18:30:00,4,0.7969836259544343,Champions
12633,114,6,332.77,55.461666666666666,270,2011-12-10 18:30:00,3,0.31125269093082664,At Risk - High Value
12634,150,6,255.3,42.550000000000004,340,2011-12-10 18:30:00,3,0.31679535393603553,At Risk - High Value
12635,2,15,2502.33,166.822,326,2011-12-10 18:30:00,4,1.052291130857316,Champions
12636,12,2,6.3100000000000005,3.1550000000000002,54,2011-12-10 18:30:00,2,0.4453892116047299,New / Promising
12637,22,29,5736.44,197.80827586206894,674,2011-12-10 18:30:00,4,0.7926061757136023,Champions
12638,27,1,6.35,6.35,27,2011-12-10 18:30:00,2,0.582662962126481,New / Promising
12639,43,15,1776.25,118.41666666666667,406,2011-12-10 18:30:00,0,0.4924615158748788,Loyal Customers
12640,24,2,14.64,7.32,30,2011-12-10 18:30:00,2,0.31041077718906196,New / Promising
12641,36,4,4.11,1.0275,53,2011-12-10 18:30:00,2,1.1466764393611617,New / Promising
12642,31,2,14.780000000000001,7.390000000000001,53,2011-12-10 18:30:00,2,0.47286020865073863,New / Promising
12643,154,2,20.48,10.24,165,2011-12-10 18:30:00,1,0.35302989924314354,Hibernating / Lost
12644,405,3,36.64,12.213333333333333,443,2011-12-10 18:30:00,1,0.558629653526709,Hibernating / Lost
12645,168,2,71.69,35.845,181,2011-12-10 18:30:00,1,0.5258191436694322,Hibernating / Lost
12646,483,1,32.739999999999995,32.739999999999995,483,2011-12-10 18:30:00,1,0.8397683163358061,Hibernating / Lost
12647,56,15,1262.88,84.19200000000001,584,2011-12-10 18:30:00,0,0.5228764006383785,Loyal Customers
12648,203,3,157.72,52.57333333333333,291,2011-12-10 18:30:00,3,0.7934414165311591,At Risk - High Value
12649,51,2,92.59,46.295,69,2011-12-10 18:30:00,3,1.2282992171110345,At Risk - High Value
12650,1,1,18.32,18.32,1,2011-12-10 18:30:00,2,1.7520738490831687,New / Promising
12651,181,5,65.07,13.014,301,2011-12-10 18:30:00,3,0.6730621379527512,At Risk - High Value
12652,69,3,264.9,88.3,145,2011-12-10 18:30:00,3,0.7326298579268343,At Risk - High Value
12653,78,2,69.4,34.7,117,2011-12-10 18:30:00,1,0.9429610432021798,Hibernating / Lost
12654,50,8,523.4399999999999,65.42999999999999,239,2011-12-10 18:30:00,0,0.5922360736326909,Loyal Customers
12655,38,17,1950.48,114.73411764705882,597,2011-12-10 18:30:00,0,0.6338293293761785,Loyal Customers
12656,80,7,206.83999999999997,29.548571428571424,240,2011-12-10 18:30:00,3,0.40249427434160395,At Risk - High Value
12657,235,7,237.13,33.87571428571429,440,2011-12-10 18:30:00,3,0.6807513279527531,At Risk - High Value
12658,6,9,536.86,59.65111111111111,151,2011-12-10 18:30:00,5,0.6074153945839171,Loyal Customers (less frequent)
12659,96,8,229.94,28.7425,167,2011-12-10 18:30:00,3,0.5048895226141433,At Risk - High Value
12660,45,5,255.99,51.198,141,2011-12-10 18:30:00,3,0.6863352757952633,At Risk - High Value
12661,113,4,174.53,43.6325,182,2011-12-10 18:30:00,3,0.32493895249405874,At Risk - High Value
12662,56,5,103.66,20.732,119,2011-12-10 18:30:00,3,0.5962644984416288,At Risk - High Value
12663,198,1,5.8,5.8,198,2011-12-10 18:30:00,1,0.9692245815623605,Hibernating / Lost
12664,20,5,71.10000000000001,14.220000000000002,104,2011-12-10 18:30:00,5,0.9316994409137702,Loyal Customers (less frequent)
12665,2,1,1.58,1.58,2,2011-12-10 18:30:00,2,1.6645679774457625,New / Promising
12666,17,1,14.930000000000001,14.930000000000001,17,2011-12-10 18:30:00,2,0.38376341636601113,New / Promising
12667,15,4,200.79999999999998,50.199999999999996,102,2011-12-10 18:30:00,5,0.657482265465721,Loyal Customers (less frequent)
12668,54,4,135.95,33.9875,100,2011-12-10 18:30:00,3,0.6440522248917303,At Risk - High Value
12669,147,2,64.6,32.3,181,2011-12-10 18:30:00,1,0.5399740462498795,Hibernating / Lost
12670,14,2,21.65,10.825,50,2011-12-10 18:30:00,2,0.35579958613324775,New / Promising
12671,165,3,63.620000000000005,21.206666666666667,241,2011-12-10 18:30:00,1,0.5831625512493025,Hibernating / Lost
12672,73,1,4.36,4.36,73,2011-12-10 18:30:00,2,1.2275393791262847,New / Promising
12673,147,3,123.80000000000001,41.26666666666667,210,2011-12-10 18:30:00,3,0.7034856076240499,At Risk - High Value
12674,240,3,51.26,17.086666666666666,264,2011-12-10 18:30:00,1,0.44640335050156055,Hibernating / Lost
12675,48,5,239.25,47.85,147,2011-12-10 18:30:00,3,0.6324961301808578,At Risk - High Value
12676,60,3,20.71,6.903333333333333,70,2011-12-10 18:30:00,1,1.0910306785861683,Hibernating / Lost
12677,39,6,386.4,64.39999999999999,191,2011-12-10 18:30:00,3,0.8623757685011787,At Risk - High Value
12678,131,1,10.65,10.65,131,2011-12-10 18:30:00,1,0.8870381324197015,Hibernating / Lost
12679,16,1,1.44,1.44,16,2011-12-10 18:30:00,2,0.942823507887969,New / Promising
12680,39,9,754.64,83.8488888888889,332,2011-12-10 18:30:00,0,0.31613031811296205,Loyal Customers
12681,205,4,130.53,32.6325,334,2011-12-10 18:30:00,3,0.612473076246397,At Risk - High Value
12682,27,10,1568.76,156.876,279,2011-12-10 18:30:00,0,0.32547748853366393,Loyal Customers
12683,117,2,34.05,17.025,130,2011-12-10 18:30:00,1,0.532367727120092,Hibernating / Lost
12684,16,14,1319.57,94.255,456,2011-12-10 18:30:00,0,0.666179396347733,Loyal Customers
12685,6,2,26.6,13.3,31,2011-12-10 18:30:00,2,0.8439485686516001,New / Promising
12686,23,15,1254.75,83.65,569,2011-12-10 18:30:00,0,0.5071278327137967,Loyal Customers
12687,8,1,15.16,15.16,8,2011-12-10 18:30:00,2,0.6684116536159237,New / Promising
12688,278,5,28.78,5.756,322,2011-12-10 18:30:00,1,0.902511621968716,Hibernating / Lost
12689,193,6,276.95,46.15833333333333,373,2011-12-10 18:30:00,3,0.4951022375234583,At Risk - High Value
12690,489,1,5.04,5.04,489,2011-12-10 18:30:00,1,1.1600391810636068,Hibernating / Lost
12691,268,3,15.0,5.0,298,2011-12-10 18:30:00,1,0.46576059309338474,Hibernating / Lost
12692,22,1,24.06,24.06,22,2011-12-10 18:30:00,2,0.5188757591951989,New / Promising
12693,98,4,463.57,115.8925,218,2011-12-10 18:30:00,3,0.5507024902593094,At Risk - High Value
12694,184,6,275.89,45.98166666666666,324,2011-12-10 18:30:00,3,0.4623800769170514,At Risk - High Value
12695,42,9,1245.56,138.39555555555555,136,2011-12-10 18:30:00,0,0.3118129362109559,Loyal Customers
12696,186,3,96.11,32.03666666666667,273,2011-12-10 18:30:00,1,0.7135600199982425,Hibernating / Lost
12697,1,15,1413.97,94.26466666666667,534,2011-12-10 18:30:00,4,1.4247385507723922,Champions
12698,240,6,252.52,42.086666666666666,365,2011-12-10 18:30:00,3,0.6357268774612539,At Risk - High Value
12699,190,7,128.4,18.342857142857145,361,2011-12-10 18:30:00,3,0.5743444390064357,At Risk - High Value
12700,159,3,14.350000000000001,4.783333333333334,177,2011-12-10 18:30:00,1,0.547478238395313,Hibernating / Lost
12701,166,4,155.91,38.9775,250,2011-12-10 18:30:00,3,0.46676270854309754,At Risk - High Value
12702,306,4,39.82,9.955,358,2011-12-10 18:30:00,1,0.696641468571155,Hibernating / Lost
12703,243,2,40.290000000000006,20.145000000000003,285,2011-12-10 18:30:00,1,0.18936843389777291,Hibernating / Lost
12704,192,7,220.04,31.434285714285714,353,2011-12-10 18:30:00,3,0.5468465594762003,At Risk - High Value
12705,176,5,68.15,13.63,290,2011-12-10 18:30:00,3,0.6420562571691595,At Risk - High Value
12706,17,1,18.96,18.96,17,2011-12-10 18:30:00,2,0.4239834657134238,New / Promising
12707,2,8,514.1899999999999,64.27374999999999,267,2011-12-10 18:30:00,5,1.01541311457208,Loyal Customers (less frequent)
12708,17,9,718.73,79.85888888888888,234,2011-12-10 18:30:00,0,0.629562968673411,Loyal Customers
12709,47,10,1296.8,129.68,272,2011-12-10 18:30:00,0,0.27871201772252563,Loyal Customers
12710,371,2,20.85,10.425,415,2011-12-10 18:30:00,1,0.3948227248089029,Hibernating / Lost
12711,119,4,269.05,67.2625,236,2011-12-10 18:30:00,3,0.36713266205722794,At Risk - High Value
12712,104,2,18.490000000000002,9.245000000000001,134,2011-12-10 18:30:00,1,0.6465951607355201,Hibernating / Lost
12713,101,2,23.77,11.885,134,2011-12-10 18:30:00,1,0.641022376347156,Hibernating / Lost
12714,78,9,605.7,67.30000000000001,341,2011-12-10 18:30:00,0,0.7035820745501633,Loyal Customers
12715,19,2,0.7400000000000002,0.3700000000000001,19,2011-12-10 18:30:00,2,1.05286421584179,New / Promising
12716,320,4,20.700000000000003,5.175000000000001,400,2011-12-10 18:30:00,1,0.7035054021375253,Hibernating / Lost
12717,85,5,176.44,35.288,133,2011-12-10 18:30:00,3,0.2045903375392753,At Risk - High Value
12718,8,10,471.8,47.18,224,2011-12-10 18:30:00,5,0.6253158519751402,Loyal Customers (less frequent)
12719,91,4,133.07,33.2675,193,2011-12-10 18:30:00,3,0.3942905648712588,At Risk - High Value
12720,49,10,1029.51,102.951,174,2011-12-10 18:30:00,0,0.2786245549518575,Loyal Customers
12721,9,16,1662.15,103.884375,466,2011-12-10 18:30:00,4,0.6255221958697073,Champions
12722,30,2,32.81,16.405,39,2011-12-10 18:30:00,2,0.643393942008065,New / Promising
12723,45,2,79.58,39.79,61,2011-12-10 18:30:00,2,1.1633089109568604,New / Promising
12724,12,4,138.48,34.62,141,2011-12-10 18:30:00,5,0.6617488966419872,Loyal Customers (less frequent)
12725,56,3,23.41,7.803333333333334,107,2011-12-10 18:30:00,2,1.0889410676096722,New / Promising
12726,22,6,254.41,42.401666666666664,198,2011-12-10 18:30:00,5,0.6454831372658124,Loyal Customers (less frequent)
12727,21,2,39.870000000000005,19.935000000000002,43,2011-12-10 18:30:00,2,0.6075144148241889,New / Promising
12728,493,2,18.79,9.395,507,2011-12-10 18:30:00,1,0.614929913217534,Hibernating / Lost
12729,241,3,101.46000000000001,33.82,303,2011-12-10 18:30:00,1,0.7183152842085515,Hibernating / Lost
12730,34,3,35.330000000000005,11.776666666666669,67,2011-12-10 18:30:00,2,0.9134193901401705,New / Promising
12731,23,1,12.780000000000001,12.780000000000001,23,2011-12-10 18:30:00,2,0.42771722352885816,New / Promising
12732,130,2,27.93,13.965,142,2011-12-10 18:30:00,1,0.44464381869885156,Hibernating / Lost
12733,29,1,12.28,12.28,29,2011-12-10 18:30:00,2,0.5322978976673094,New / Promising
12734,41,13,1361.09,104.69923076923077,411,2011-12-10 18:30:00,0,0.26653082885957435,Loyal Customers
12735,7,1,1.21,1.21,7,2011-12-10 18:30:00,2,1.1747569606165909,New / Promising
12736,155,2,29.9,14.95,181,2011-12-10 18:30:00,1,0.31355011121907067,Hibernating / Lost
12737,53,13,1263.72,97.20923076923077,431,2011-12-10 18:30:00,0,0.37569519634133985,Loyal Customers
12738,164,2,98.89,49.445,194,2011-12-10 18:30:00,1,0.6782612316187102,Hibernating / Lost
12739,497,2,18.0,9.0,507,2011-12-10 18:30:00,1,0.6276039428359934,Hibernating / Lost
12740,21,35,12058.19,344.5197142857143,681,2011-12-10 18:30:00,4,1.0417988536579954,Champions
12741,200,7,307.31,43.901428571428575,416,2011-12-10 18:30:00,3,0.6144654802121647,At Risk - High Value
12742,21,1,8.98,8.98,21,2011-12-10 18:30:00,2,0.4270676132131223,New / Promising
12743,117,10,358.53000000000003,35.853,322,2011-12-10 18:30:00,3,0.8268997767734169,At Risk - High Value
12744,244,6,121.95,20.325,459,2011-12-10 18:30:00,3,0.6742821326566115,At Risk - High Value
12745,141,4,148.79,37.1975,199,2011-12-10 18:30:00,3,0.39820570368301267,At Risk - High Value
12746,11,9,433.28999999999996,48.14333333333333,144,2011-12-10 18:30:00,5,0.5040133609225217,Loyal Customers (less frequent)
12747,30,1,1.4,1.4,30,2011-12-10 18:30:00,2,1.031178030234098,New / Promising
12748,179,4,86.53,21.6325,214,2011-12-10 18:30:00,3,0.6395441427713907,At Risk - High Value
12749,59,14,2011.79,143.6992857142857,527,2011-12-10 18:30:00,0,0.5900343309498218,Loyal Customers
12750,24,2,6.8100000000000005,3.4050000000000002,24,2011-12-10 18:30:00,2,0.4077729642855449,New / Promising
12751,3,2,14.27,7.135,43,2011-12-10 18:30:00,2,1.1853293272582452,New / Promising
12752,84,3,288.9,96.3,150,2011-12-10 18:30:00,3,0.6868766147509627,At Risk - High Value
12753,10,2,7.34,3.67,51,2011-12-10 18:30:00,2,0.49581987719696213,New / Promising
12754,46,14,1958.12,139.8657142857143,424,2011-12-10 18:30:00,0,0.47990965746678277,Loyal Customers
12755,29,2,11.989999999999998,5.994999999999999,29,2011-12-10 18:30:00,2,0.42118037802135383,New / Promising
12756,228,1,7.709999999999999,7.709999999999999,228,2011-12-10 18:30:00,1,0.8697418414817984,Hibernating / Lost
12757,223,3,51.84,17.28,266,2011-12-10 18:30:00,1,0.45012289519964355,Hibernating / Lost
12758,16,11,1247.18,113.38000000000001,386,2011-12-10 18:30:00,0,0.5942770029668042,Loyal Customers
12759,36,2,26.21,13.105,47,2011-12-10 18:30:00,2,0.6722881696880862,New / Promising
12760,9,17,5097.52,299.85411764705884,412,2011-12-10 18:30:00,4,0.2815346222515179,Champions
12761,3,9,283.37,31.485555555555557,255,2011-12-10 18:30:00,5,0.823292905056964,Loyal Customers (less frequent)
12762,3,8,989.21,123.65125,217,2011-12-10 18:30:00,5,0.9931507254580794,Loyal Customers (less frequent)
12763,277,2,22.09,11.045,293,2011-12-10 18:30:00,1,0.1917268318338175,Hibernating / Lost
12764,20,15,1403.45,93.56333333333333,440,2011-12-10 18:30:00,0,0.5902279574943525,Loyal Customers
12765,26,3,24.759999999999998,8.253333333333332,45,2011-12-10 18:30:00,2,0.7289126517993364,New / Promising
12766,314,3,92.02,30.673333333333332,377,2011-12-10 18:30:00,1,0.7140918755036582,Hibernating / Lost
12767,5,28,6425.27,229.4739285714286,687,2011-12-10 18:30:00,4,0.5582561270119617,Champions
12768,2,24,7101.21,295.88375,617,2011-12-10 18:30:00,4,0.948388607498758,Champions
12769,20,28,7917.349999999999,282.7625,700,2011-12-10 18:30:00,4,0.7525393396675946,Champions
12770,173,6,272.81,45.468333333333334,293,2011-12-10 18:30:00,3,0.4197627083622297,At Risk - High Value
12771,45,4,61.519999999999996,15.379999999999999,83,2011-12-10 18:30:00,3,0.936237676889497,At Risk - High Value
12772,65,8,434.55,54.31875,265,2011-12-10 18:30:00,3,0.746918985155522,At Risk - High Value
12773,2,1,7.86,7.86,2,2011-12-10 18:30:00,2,1.455198084810391,New / Promising
12774,1,19,4916.05,258.7394736842105,463,2011-12-10 18:30:00,4,1.2249258811288677,Champions
12775,478,2,23.58,11.79,494,2011-12-10 18:30:00,1,0.5658120774072102,Hibernating / Lost
12776,21,2,7.529999999999999,3.7649999999999997,41,2011-12-10 18:30:00,2,0.32630459643075044,New / Promising
12777,210,1,2.67,2.67,210,2011-12-10 18:30:00,1,1.2197446801812983,Hibernating / Lost
12778,445,2,45.62,22.81,478,2011-12-10 18:30:00,1,0.5573676899061525,Hibernating / Lost
12779,25,3,11.690000000000001,3.896666666666667,47,2011-12-10 18:30:00,2,0.6386486422628276,New / Promising
12780,8,17,3799.8900000000003,223.5229411764706,372,2011-12-10 18:30:00,4,0.299037015808628,Champions
12781,28,7,468.12,66.87428571428572,160,2011-12-10 18:30:00,0,0.7178639898582146,Loyal Customers
12782,52,13,1693.81,130.2930769230769,482,2011-12-10 18:30:00,0,0.4314807616650468,Loyal Customers
12783,130,3,17.22,5.739999999999999,150,2011-12-10 18:30:00,1,0.6021645738374662,Hibernating / Lost
12784,207,3,70.87,23.623333333333335,242,2011-12-10 18:30:00,1,0.5715257339852348,Hibernating / Lost
12785,172,2,35.730000000000004,17.865000000000002,198,2011-12-10 18:30:00,1,0.2619517584636016,Hibernating / Lost
12786,11,1,1.28,1.28,11,2011-12-10 18:30:00,2,1.025568849651194,New / Promising
12787,48,13,1036.53,79.73307692307692,378,2011-12-10 18:30:00,0,0.30036941751517443,Loyal Customers
12788,489,1,43.68,43.68,489,2011-12-10 18:30:00,1,0.8700241662712539,Hibernating / Lost
12789,1,17,1590.01,93.53,573,2011-12-10 18:30:00,4,1.3590673334131942,Champions
12790,6,6,286.26,47.71,178,2011-12-10 18:30:00,5,0.2802855504204902,Loyal Customers (less frequent)
12791,106,1,15.14,15.14,106,2011-12-10 18:30:00,1,0.9094187851751019,Hibernating / Lost
12792,28,3,32.34,10.780000000000001,34,2011-12-10 18:30:00,2,0.8183879148759398,New / Promising
12793,184,7,251.35000000000002,35.90714285714286,418,2011-12-10 18:30:00,3,0.5340180269708078,At Risk - High Value
12794,15,27,6814.86,252.4022222222222,483,2011-12-10 18:30:00,4,0.5418736271920227,Champions
12795,176,7,107.25,15.321428571428571,347,2011-12-10 18:30:00,3,0.573264763997905,At Risk - High Value
12796,20,25,5948.88,237.9552,596,2011-12-10 18:30:00,4,0.6454453040205139,Champions
12797,14,1,0.59,0.59,14,2011-12-10 18:30:00,2,1.1533834580776414,New / Promising
12798,99,3,22.549999999999997,7.516666666666666,122,2011-12-10 18:30:00,1,0.7371185379683992,Hibernating / Lost
12799,2,11,1032.68,93.88000000000001,186,2011-12-10 18:30:00,5,1.3247088019225446,Loyal Customers (less frequent)
12800,13,11,1710.24,155.47636363636363,286,2011-12-10 18:30:00,0,0.7794403216164986,Loyal Customers
12801,27,11,764.42,69.49272727272727,315,2011-12-10 18:30:00,0,0.2506758850745955,Loyal Customers
12802,5,1,14.719999999999999,14.719999999999999,5,2011-12-10 18:30:00,2,0.9390404529219142,New / Promising
12803,116,4,140.12,35.03,201,2011-12-10 18:30:00,3,0.3613227407229396,At Risk - High Value
12804,444,2,27.939999999999998,13.969999999999999,453,2011-12-10 18:30:00,1,0.5029040932728772,Hibernating / Lost
12805,402,1,10.95,10.95,402,2011-12-10 18:30:00,1,0.8747146587154374,Hibernating / Lost
12806,158,4,188.37,47.0925,257,2011-12-10 18:30:00,3,0.4284085495123479,At Risk - High Value
12807,49,16,1632.79,102.049375,500,2011-12-10 18:30:00,0,0.5734598646901709,Loyal Customers
12808,34,2,27.33,13.665,40,2011-12-10 18:30:00,2,0.6501039228909334,New / Promising
12809,8,9,489.88,54.43111111111111,178,2011-12-10 18:30:00,5,0.5217014307463935,Loyal Customers (less frequent)
12810,81,7,301.74,43.105714285714285,166,2011-12-10 18:30:00,3,0.45503823631745405,At Risk - High Value
12811,376,3,75.91,25.30333333333333,440,2011-12-10 18:30:00,1,0.7000046600919974,Hibernating / Lost
12812,230,1,1.44,1.44,230,2011-12-10 18:30:00,1,1.399298461790863,Hibernating / Lost
12813,20,1,2.59,2.59,20,2011-12-10 18:30:00,2,0.7729020395809703,New / Promising
12814,16,17,1768.3400000000001,104.02000000000001,446,2011-12-10 18:30:00,4,0.7016819508548306,Champions
12815,30,7,174.57999999999998,24.939999999999998,69,2011-12-10 18:30:00,5,0.9093011126732999,Loyal Customers (less frequent)
12816,142,7,360.88,51.55428571428571,278,2011-12-10 18:30:00,3,0.49714589898306794,At Risk - High Value
12817,201,5,211.16,42.232,329,2011-12-10 18:30:00,3,0.47613567366275883,At Risk - High Value
12818,49,16,1025.07,64.066875,694,2011-12-10 18:30:00,0,0.5225613915335464,Loyal Customers
12819,11,13,1410.32,108.48615384615384,371,2011-12-10 18:30:00,4,0.8769787300464075,Champions
12820,58,4,170.15,42.5375,163,2011-12-10 18:30:00,3,0.5774186169455487,At Risk - High Value
12821,31,5,377.13,75.426,111,2011-12-10 18:30:00,5,0.9483535824598746,Loyal Customers (less frequent)
12822,226,10,166.8,16.68,364,2011-12-10 18:30:00,3,0.9491299875481295,At Risk - High Value
12823,91,6,98.93,16.488333333333333,179,2011-12-10 18:30:00,3,0.3891325598233564,At Risk - High Value
12824,341,2,54.9,27.45,351,2011-12-10 18:30:00,1,0.447001025590973,Hibernating / Lost
12825,63,7,223.86,31.98,194,2011-12-10 18:30:00,3,0.5324622341690938,At Risk - High Value
12826,16,4,81.8,20.45,80,2011-12-10 18:30:00,5,0.9044226091278565,Loyal Customers (less frequent)
12827,14,5,354.49,70.898,142,2011-12-10 18:30:00,5,0.4333313330455021,Loyal Customers (less frequent)
12828,258,8,135.24,16.905,384,2011-12-10 18:30:00,3,0.8400866616598532,At Risk - High Value
12829,71,6,281.23,46.87166666666667,138,2011-12-10 18:30:00,3,0.4012681391749434,At Risk - High Value
12830,12,34,9070.97,266.7932352941176,650,2011-12-10 18:30:00,4,0.7570155527321959,Champions
12831,173,3,120.38999999999999,40.129999999999995,210,2011-12-10 18:30:00,3,0.7576267271121249,At Risk - High Value
12832,37,5,142.04,28.407999999999998,149,2011-12-10 18:30:00,3,0.8320826277903438,At Risk - High Value
12833,17,6,189.70999999999998,31.61833333333333,153,2011-12-10 18:30:00,5,0.49537303197754823,Loyal Customers (less frequent)
12834,38,3,31.14,10.38,72,2011-12-10 18:30:00,2,0.9303249784640023,New / Promising
12835,125,4,116.93,29.2325,236,2011-12-10 18:30:00,3,0.4206323325742802,At Risk - High Value
12837,303,3,28.32,9.44,314,2011-12-10 18:30:00,1,0.3929037245046508,Hibernating / Lost
12838,465,3,11.31,3.77,505,2011-12-10 18:30:00,1,0.7670419676360389,Hibernating / Lost
12839,4,3,167.37,55.79,74,2011-12-10 18:30:00,5,1.018402936256096,Loyal Customers (less frequent)
12840,222,3,14.02,4.673333333333333,289,2011-12-10 18:30:00,1,0.4751522646376885,Hibernating / Lost
12841,249,3,46.769999999999996,15.589999999999998,289,2011-12-10 18:30:00,1,0.4206519272845574,Hibernating / Lost
12842,130,3,45.31,15.103333333333333,149,2011-12-10 18:30:00,1,0.6001596517719782,Hibernating / Lost
12843,335,3,82.33,27.44333333333333,408,2011-12-10 18:30:00,1,0.6880674058982861,Hibernating / Lost
12844,82,8,597.1,74.6375,221,2011-12-10 18:30:00,3,0.7799039275393798,At Risk - High Value
12845,96,6,238.76999999999998,39.794999999999995,248,2011-12-10 18:30:00,3,0.20192552463778357,At Risk - High Value
12846,139,4,30.17,7.5425,221,2011-12-10 18:30:00,1,0.7506653726172291,Hibernating / Lost
12847,13,1,9.6,9.6,13,2011-12-10 18:30:00,2,0.4439771581774381,New / Promising
12848,11,1,30.85,30.85,11,2011-12-10 18:30:00,2,0.6599127955555197,New / Promising
12849,124,5,211.88,42.376,235,2011-12-10 18:30:00,3,0.13034853157760504,At Risk - High Value
12850,180,6,204.3,34.050000000000004,332,2011-12-10 18:30:00,3,0.4112190279339025,At Risk - High Value
12851,435,2,83.89999999999999,41.949999999999996,446,2011-12-10 18:30:00,1,0.727312224480647,Hibernating / Lost
12852,114,3,64.25,21.416666666666668,203,2011-12-10 18:30:00,1,0.7545740716952672,Hibernating / Lost
12853,21,2,4.8100000000000005,2.4050000000000002,58,2011-12-10 18:30:00,2,0.48348661439844987,New / Promising
12854,251,6,85.27,14.211666666666666,339,2011-12-10 18:30:00,3,0.7724700399913283,At Risk - High Value
12855,27,10,796.12,79.612,315,2011-12-10 18:30:00,0,0.2745320113725888,Loyal Customers
12856,7,11,923.5600000000001,83.96000000000001,319,2011-12-10 18:30:00,5,0.9265241471488191,Loyal Customers (less frequent)
12857,13,2,24.78,12.39,32,2011-12-10 18:30:00,2,0.4295103135968944,New / Promising
12858,15,23,5959.22,259.0965217391304,631,2011-12-10 18:30:00,4,0.4194353833708556,Champions
12859,83,4,338.16,84.54,185,2011-12-10 18:30:00,3,0.4732561678296109,At Risk - High Value
12860,51,5,363.73,72.74600000000001,95,2011-12-10 18:30:00,3,0.6601099117663368,At Risk - High Value
12861,27,7,843.1999999999999,120.45714285714284,207,2011-12-10 18:30:00,0,0.6157034435902938,Loyal Customers
12862,78,9,463.47,51.49666666666667,252,2011-12-10 18:30:00,0,0.7647587532716509,Loyal Customers
12863,216,4,22.91,5.7275,244,2011-12-10 18:30:00,1,0.650974920306089,Hibernating / Lost
12864,20,25,9361.37,374.45480000000003,594,2011-12-10 18:30:00,4,0.7271088813329976,Champions
12865,40,1,1.02,1.02,40,2011-12-10 18:30:00,2,1.201120831001555,New / Promising
12866,34,3,16.21,5.403333333333333,63,2011-12-10 18:30:00,2,0.7729536085927817,New / Promising
12867,69,8,343.26,42.9075,290,2011-12-10 18:30:00,3,0.6644504972939173,At Risk - High Value
12868,12,16,1970.83,123.176875,597,2011-12-10 18:30:00,4,0.5986548307066993,Champions
12869,225,6,135.97,22.661666666666665,389,2011-12-10 18:30:00,3,0.5997497451577887,At Risk - High Value
12870,2,11,2053.83,186.7118181818182,298,2011-12-10 18:30:00,4,1.2966512190709025,Champions
12871,89,3,111.85,37.28333333333333,143,2011-12-10 18:30:00,3,0.7003752521537501,At Risk - High Value
12872,30,2,8.18,4.09,74,2011-12-10 18:30:00,2,0.4839473187627055,New / Promising
12873,28,1,14.93,14.93,28,2011-12-10 18:30:00,2,0.5210840061836844,New / Promising
12874,254,3,10.950000000000001,3.6500000000000004,328,2011-12-10 18:30:00,1,0.5665539614073285,Hibernating / Lost
12875,7,8,478.64,59.83,133,2011-12-10 18:30:00,5,0.4302799825192473,Loyal Customers (less frequent)
12876,15,3,31.67,10.556666666666667,70,2011-12-10 18:30:00,2,0.7394942046640316,New / Promising
12877,370,1,5.529999999999999,5.529999999999999,370,2011-12-10 18:30:00,1,1.0416390988790343,Hibernating / Lost
12878,37,4,338.70000000000005,84.67500000000001,151,2011-12-10 18:30:00,3,0.9198202171929324,At Risk - High Value
12879,377,2,31.86,15.93,397,2011-12-10 18:30:00,1,0.3834310601516704,Hibernating / Lost
12880,10,22,7295.38,331.60818181818183,621,2011-12-10 18:30:00,4,0.25788332667302066,Champions
12881,76,9,244.56,27.173333333333332,384,2011-12-10 18:30:00,3,0.699063675155695,At Risk - High Value
12882,129,5,77.5,15.5,289,2011-12-10 18:30:00,3,0.48100114174736813,At Risk - High Value
12883,41,7,1097.24,156.74857142857144,205,2011-12-10 18:30:00,0,0.584689449672349,Loyal Customers
12884,9,13,1921.09,147.77615384615385,377,2011-12-10 18:30:00,4,0.7626620028364757,Champions
12885,7,1,1.78,1.78,7,2011-12-10 18:30:00,2,1.0869433036187808,New / Promising
12886,31,1,35.28,35.28,31,2011-12-10 18:30:00,2,0.7582829974683984,New / Promising
12887,14,7,308.84,44.12,195,2011-12-10 18:30:00,5,0.33984035920112843,Loyal Customers (less frequent)
12888,28,2,17.71,8.855,72,2011-12-10 18:30:00,2,0.4310651582094237,New / Promising
12889,37,2,6.0,3.0,37,2011-12-10 18:30:00,2,0.675962519787308,New / Promising
12890,23,10,1259.94,125.994,149,2011-12-10 18:30:00,0,0.363694438914254,Loyal Customers
12891,249,8,261.39,32.67375,508,2011-12-10 18:30:00,3,0.8135390407186415,At Risk - High Value
12892,115,3,214.24,71.41333333333334,187,2011-12-10 18:30:00,3,0.6298436064864927,At Risk - High Value
12893,23,14,2222.19,158.72785714285715,433,2011-12-10 18:30:00,0,0.5838069265078797,Loyal Customers
12894,368,2,21.28,10.64,373,2011-12-10 18:30:00,1,0.3855297367503877,Hibernating / Lost
12895,24,3,119.72999999999999,39.91,58,2011-12-10 18:30:00,5,1.1686556169541131,Loyal Customers (less frequent)
12896,198,5,226.84,45.368,267,2011-12-10 18:30:00,3,0.4696854082277244,At Risk - High Value
12897,2,17,2198.24,129.30823529411762,556,2011-12-10 18:30:00,4,1.0180444773060222,Champions
12898,28,11,1427.07,129.73363636363635,391,2011-12-10 18:30:00,0,0.24336579063368877,Loyal Customers
12899,13,1,10.39,10.39,13,2011-12-10 18:30:00,2,0.4355037853558057,New / Promising
12900,13,25,5799.86,231.99439999999998,534,2011-12-10 18:30:00,4,0.37859982157325217,Champions
12901,76,9,456.94,50.77111111111111,240,2011-12-10 18:30:00,0,0.7533836801333879,Loyal Customers
12902,117,7,423.79,60.541428571428575,272,2011-12-10 18:30:00,3,0.5162518683393731,At Risk - High Value
12903,156,2,33.36,16.68,238,2011-12-10 18:30:00,1,0.31826955206217983,Hibernating / Lost
12904,87,6,147.12,24.52,297,2011-12-10 18:30:00,3,0.26037098870546793,At Risk - High Value
12905,50,3,59.18,19.726666666666667,89,2011-12-10 18:30:00,3,1.0437423217825936,At Risk - High Value
12906,32,12,1661.81,138.48416666666665,334,2011-12-10 18:30:00,0,0.2732119275672531,Loyal Customers
12907,33,3,114.81,38.27,121,2011-12-10 18:30:00,3,1.1272363016362639,At Risk - High Value
12908,13,1,2.88,2.88,13,2011-12-10 18:30:00,2,0.760386487874295,New / Promising
12910,406,1,30.659999999999997,30.659999999999997,406,2011-12-10 18:30:00,1,0.7544272146297728,Hibernating / Lost
12911,211,2,0.38000000000000045,0.19000000000000022,211,2011-12-10 18:30:00,1,1.5464368762150702,Hibernating / Lost
12912,287,3,29.990000000000002,9.996666666666668,349,2011-12-10 18:30:00,1,0.37397447524708616,Hibernating / Lost
12913,10,20,8430.99,421.54949999999997,639,2011-12-10 18:30:00,4,0.32617316323234113,Champions
12914,27,8,178.23,22.27875,230,2011-12-10 18:30:00,5,0.8704533607128625,Loyal Customers (less frequent)
12915,35,4,36.82,9.205,81,2011-12-10 18:30:00,2,1.1515039409432333,New / Promising
12916,85,8,419.29,52.41125,286,2011-12-10 18:30:00,3,0.6526655845865365,At Risk - High Value
12917,32,2,0.009999999999999787,0.004999999999999893,32,2011-12-10 18:30:00,2,1.3976071125238259,New / Promising
12918,247,4,162.38,40.595,328,2011-12-10 18:30:00,3,0.7087471189578672,At Risk - High Value
12920,8,1,5.0,5.0,8,2011-12-10 18:30:00,2,0.7778646295251725,New / Promising
12921,166,7,389.69,55.67,411,2011-12-10 18:30:00,3,0.5794917144768194,At Risk - High Value
12922,7,1,3.24,3.24,7,2011-12-10 18:30:00,2,0.9415127381789445,New / Promising
12923,109,4,134.45,33.6125,217,2011-12-10 18:30:00,3,0.3677482497147699,At Risk - High Value
12924,19,1,3.44,3.44,19,2011-12-10 18:30:00,2,0.6773658006433398,New / Promising
12925,32,10,500.67,50.067,328,2011-12-10 18:30:00,0,0.3930710443890417,Loyal Customers
12926,214,3,135.72,45.24,268,2011-12-10 18:30:00,3,0.8310744529095703,At Risk - High Value
12927,177,7,129.95,18.564285714285713,349,2011-12-10 18:30:00,3,0.53313744153473,At Risk - High Value
12928,42,8,1206.6,150.825,178,2011-12-10 18:30:00,0,0.4387095928084812,Loyal Customers
12929,13,4,249.28,62.32,91,2011-12-10 18:30:00,5,0.587260683621681,Loyal Customers (less frequent)
12930,3,2,39.44,19.72,23,2011-12-10 18:30:00,2,1.3079314741421904,New / Promising
12931,198,3,36.66,12.219999999999999,262,2011-12-10 18:30:00,1,0.3775622092107587,Hibernating / Lost
12932,35,19,1510.83,79.51736842105262,477,2011-12-10 18:30:00,0,0.7135470807097518,Loyal Customers
12933,72,3,143.93,47.97666666666667,110,2011-12-10 18:30:00,3,0.7155259016462334,At Risk - High Value
12934,49,9,969.37,107.70777777777778,269,2011-12-10 18:30:00,0,0.3620284949549215,Loyal Customers
12935,22,22,4951.89,225.0859090909091,702,2011-12-10 18:30:00,4,0.6629822782153786,Champions
12936,7,2,21.86,10.93,39,2011-12-10 18:30:00,2,0.7147633876714441,New / Promising
12937,166,4,138.86,34.715,231,2011-12-10 18:30:00,3,0.48349333460369726,At Risk - High Value
12938,19,9,371.91,41.32333333333334,239,2011-12-10 18:30:00,5,0.7001300809198899,Loyal Customers (less frequent)
12939,87,7,203.61,29.087142857142858,216,2011-12-10 18:30:00,3,0.368605268232483,At Risk - High Value
12940,1,19,4891.37,257.44052631578944,625,2011-12-10 18:30:00,4,1.2248592389839092,Champions
12941,73,7,354.04,50.57714285714286,217,2011-12-10 18:30:00,3,0.5397444381631001,At Risk - High Value
12942,381,1,1.36,1.36,381,2011-12-10 18:30:00,1,1.465082913033026,Hibernating / Lost
12943,413,2,55.58,27.79,438,2011-12-10 18:30:00,1,0.5590900803294863,Hibernating / Lost
12944,34,1,13.75,13.75,34,2011-12-10 18:30:00,2,0.6238712759867294,New / Promising
12945,168,4,69.45,17.3625,210,2011-12-10 18:30:00,3,0.6892076396178162,At Risk - High Value
12946,16,6,230.32,38.38666666666666,164,2011-12-10 18:30:00,5,0.42391967552508303,Loyal Customers (less frequent)
12947,270,2,27.82,13.91,295,2011-12-10 18:30:00,1,0.1330818784955775,Hibernating / Lost
12948,15,1,2.9699999999999998,2.9699999999999998,15,2011-12-10 18:30:00,2,0.7292655961233868,New / Promising
12949,329,3,17.98,5.993333333333333,350,2011-12-10 18:30:00,1,0.4814641320738022,Hibernating / Lost
12950,5,2,5.97,2.985,18,2011-12-10 18:30:00,2,0.9381285377191413,New / Promising
12951,143,1,17.22,17.22,143,2011-12-10 18:30:00,1,0.757730215098469,Hibernating / Lost
12952,21,1,2.32,2.32,21,2011-12-10 18:30:00,2,0.8127512251288684,New / Promising
12953,21,7,608.73,86.96142857142857,186,2011-12-10 18:30:00,5,0.7350539380158722,Loyal Customers (less frequent)
12954,225,1,19.02,19.02,225,2011-12-10 18:30:00,1,0.6472552042736459,Hibernating / Lost
12955,8,5,110.67999999999999,22.136,86,2011-12-10 18:30:00,5,0.5428632633131,Loyal Customers (less frequent)
12956,111,4,139.81,34.9525,230,2011-12-10 18:30:00,3,0.35878647701010424,At Risk - High Value
12957,35,3,48.99,16.330000000000002,88,2011-12-10 18:30:00,2,1.0220527753197652,New / Promising
12958,17,1,2.52,2.52,17,2011-12-10 18:30:00,2,0.7745971592931691,New / Promising
12959,18,1,7.1899999999999995,7.1899999999999995,18,2011-12-10 18:30:00,2,0.45126579846988224,New / Promising
12960,33,9,319.09,35.45444444444444,141,2011-12-10 18:30:00,0,0.648064315103473,Loyal Customers
12961,400,3,42.64,14.213333333333333,456,2011-12-10 18:30:00,1,0.57342691334149,Hibernating / Lost
12962,241,1,12.629999999999999,12.629999999999999,241,2011-12-10 18:30:00,1,0.7290219568243945,Hibernating / Lost
12963,80,7,189.19,27.027142857142856,212,2011-12-10 18:30:00,3,0.4011319786405218,At Risk - High Value
12964,46,15,2330.18,155.34533333333331,453,2011-12-10 18:30:00,0,0.5959280300024007,Loyal Customers
12965,2,17,4283.42,251.96588235294118,492,2011-12-10 18:30:00,4,0.9477067065706843,Champions
12966,343,3,38.120000000000005,12.706666666666669,391,2011-12-10 18:30:00,1,0.4738196867358829,Hibernating / Lost
12967,152,7,252.21,36.03,348,2011-12-10 18:30:00,3,0.4356415190160576,At Risk - High Value
12968,18,1,18.88,18.88,18,2011-12-10 18:30:00,2,0.42372754254365147,New / Promising
12969,85,2,195.9,97.95,125,2011-12-10 18:30:00,3,1.038535321242376,At Risk - High Value
12970,10,1,2.01,2.01,10,2011-12-10 18:30:00,2,0.9312304939159975,New / Promising
12971,152,3,82.31,27.436666666666667,229,2011-12-10 18:30:00,1,0.7044016792764571,Hibernating / Lost
12972,138,3,54.44,18.146666666666665,192,2011-12-10 18:30:00,1,0.6106625754580752,Hibernating / Lost
12973,24,16,2228.56,139.285,556,2011-12-10 18:30:00,0,0.6725540376065137,Loyal Customers
12974,50,4,212.91,53.2275,101,2011-12-10 18:30:00,3,0.671608927585054,At Risk - High Value
12975,368,2,27.200000000000003,13.600000000000001,375,2011-12-10 18:30:00,1,0.36090114435777937,Hibernating / Lost
12976,9,2,31.62,15.81,53,2011-12-10 18:30:00,2,0.6713279443349571,New / Promising
12977,23,2,15.780000000000001,7.890000000000001,29,2011-12-10 18:30:00,2,0.29840240178309757,New / Promising
12978,1,29,9974.33,343.94241379310347,673,2011-12-10 18:30:00,4,1.3477435838755887,Champions
12979,102,3,163.45,54.48333333333333,116,2011-12-10 18:30:00,3,0.6336538442925063,At Risk - High Value
12980,6,25,9419.78,376.7912,709,2011-12-10 18:30:00,4,0.4986806392453948,Champions
12981,11,9,850.51,94.50111111111111,151,2011-12-10 18:30:00,5,0.7232651133120371,Loyal Customers (less frequent)
12982,461,3,18.83,6.276666666666666,495,2011-12-10 18:30:00,1,0.6548314892296153,Hibernating / Lost
12983,261,4,46.56999999999999,11.642499999999998,304,2011-12-10 18:30:00,1,0.6930119176707092,Hibernating / Lost
12984,58,3,29.87,9.956666666666667,144,2011-12-10 18:30:00,1,1.1054407857841204,Hibernating / Lost
12985,24,1,11.65,11.65,24,2011-12-10 18:30:00,2,0.44470733738304097,New / Promising
12986,69,1,10.95,10.95,69,2011-12-10 18:30:00,2,1.0972461723897506,New / Promising
12987,435,3,14.920000000000002,4.973333333333334,476,2011-12-10 18:30:00,1,0.6630174140085108,Hibernating / Lost
12988,21,22,2850.0699999999997,129.54863636363635,667,2011-12-10 18:30:00,4,0.6730772641162285,Champions
12989,25,6,302.0,50.333333333333336,80,2011-12-10 18:30:00,5,0.7390619939916897,Loyal Customers (less frequent)
12990,64,3,6.320000000000001,2.106666666666667,69,2011-12-10 18:30:00,2,1.17304690848507,New / Promising
12991,22,4,15.100000000000001,3.7750000000000004,46,2011-12-10 18:30:00,2,0.9067743173590505,New / Promising
12992,6,29,7644.27,263.5955172413793,646,2011-12-10 18:30:00,4,0.5586769507964656,Champions
12993,13,4,67.71000000000001,16.927500000000002,32,2011-12-10 18:30:00,5,0.9181079520170983,Loyal Customers (less frequent)
12994,253,2,6.55,3.275,280,2011-12-10 18:30:00,1,0.6901550063684426,Hibernating / Lost
12995,14,27,8780.06,325.18740740740736,710,2011-12-10 18:30:00,4,0.5706668063339495,Champions
12996,188,3,200.76,66.92,226,2011-12-10 18:30:00,3,0.7530625882829893,At Risk - High Value
12997,24,2,11.059999999999999,5.529999999999999,55,2011-12-10 18:30:00,2,0.3060000770123989,New / Promising
12998,48,2,53.730000000000004,26.865000000000002,79,2011-12-10 18:30:00,2,1.0527763313367535,New / Promising
12999,30,6,331.94,55.32333333333333,115,2011-12-10 18:30:00,5,0.8772401084727487,Loyal Customers (less frequent)
13000,14,1,2.0999999999999996,2.0999999999999996,14,2011-12-10 18:30:00,2,0.8454362097627407,New / Promising
13001,51,6,444.79,74.13166666666667,206,2011-12-10 18:30:00,3,0.7255582859231766,At Risk - High Value
13002,10,3,39.129999999999995,13.043333333333331,40,2011-12-10 18:30:00,2,0.8910006465078384,New / Promising
13003,79,3,205.69,68.56333333333333,162,2011-12-10 18:30:00,3,0.6723601047598388,At Risk - High Value
13004,172,7,237.88,33.98285714285714,286,2011-12-10 18:30:00,3,0.48976046675037455,At Risk - High Value
13005,100,11,477.75,43.43181818181818,268,2011-12-10 18:30:00,0,0.8730187625697112,Loyal Customers
13006,24,5,230.21,46.042,122,2011-12-10 18:30:00,5,0.7621084698519672,Loyal Customers (less frequent)
13007,23,2,31.28,15.64,50,2011-12-10 18:30:00,2,0.5219700241026262,New / Promising
13008,31,18,989.54,54.974444444444444,564,2011-12-10 18:30:00,0,0.6235219093411274,Loyal Customers
13009,56,14,1610.56,115.03999999999999,416,2011-12-10 18:30:00,0,0.5052412668225665,Loyal Customers
13010,13,5,304.68,60.936,185,2011-12-10 18:30:00,5,0.38000981801715983,Loyal Customers (less frequent)
13011,26,2,34.02,17.01,67,2011-12-10 18:30:00,2,0.596948123954436,New / Promising
13012,3,2,40.19,20.095,33,2011-12-10 18:30:00,2,1.311913551390023,New / Promising
13013,18,3,16.38,5.46,40,2011-12-10 18:30:00,2,0.5934953703116805,New / Promising
13014,97,8,516.17,64.52125,283,2011-12-10 18:30:00,3,0.7010601140771112,At Risk - High Value
13015,223,5,269.65,53.92999999999999,307,2011-12-10 18:30:00,3,0.5777297232620692,At Risk - High Value
13016,40,9,1130.88,125.65333333333335,248,2011-12-10 18:30:00,0,0.28621865979271566,Loyal Customers
13017,52,6,218.35,36.391666666666666,216,2011-12-10 18:30:00,3,0.5803328142292257,At Risk - High Value
13019,240,1,5.38,5.38,240,2011-12-10 18:30:00,1,0.987191211998041,Hibernating / Lost
13020,62,8,145.36,18.17,282,2011-12-10 18:30:00,3,0.663556608574395,At Risk - High Value
13021,88,9,339.05,37.672222222222224,424,2011-12-10 18:30:00,3,0.7119086058950227,At Risk - High Value
13022,22,2,12.620000000000001,6.3100000000000005,62,2011-12-10 18:30:00,2,0.25322126308438314,New / Promising
13023,37,5,149.34,29.868000000000002,185,2011-12-10 18:30:00,3,0.8277824016970914,At Risk - High Value
13024,22,8,1389.07,173.63375,186,2011-12-10 18:30:00,0,0.5639016857297905,Loyal Customers
13025,106,4,148.92000000000002,37.230000000000004,152,2011-12-10 18:30:00,3,0.34578005586389243,At Risk - High Value
13026,19,12,1487.29,123.94083333333333,393,2011-12-10 18:30:00,0,0.5067363596350131,Loyal Customers
13027,46,5,141.19,28.238,84,2011-12-10 18:30:00,3,0.6736866590281348,At Risk - High Value
13028,1,15,3942.17,262.8113333333333,430,2011-12-10 18:30:00,4,1.296147912317896,Champions
13029,105,5,159.73,31.945999999999998,173,2011-12-10 18:30:00,3,0.12070142564539639,At Risk - High Value
13030,226,1,13.469999999999999,13.469999999999999,226,2011-12-10 18:30:00,1,0.7130463138604513,Hibernating / Lost
13031,71,3,68.7,22.900000000000002,100,2011-12-10 18:30:00,3,0.8747587770330889,At Risk - High Value
13032,238,5,202.57,40.513999999999996,355,2011-12-10 18:30:00,3,0.6026316978525236,At Risk - High Value
13033,40,2,26.139999999999997,13.069999999999999,46,2011-12-10 18:30:00,2,0.7365064541274171,New / Promising
13034,395,2,12.360000000000001,6.180000000000001,406,2011-12-10 18:30:00,1,0.5725138050057923,Hibernating / Lost
13035,211,8,319.81,39.97625,385,2011-12-10 18:30:00,3,0.7476170607143855,At Risk - High Value
13036,49,8,313.98,39.2475,205,2011-12-10 18:30:00,0,0.7643297192783629,Loyal Customers
13037,11,1,23.320000000000004,23.320000000000004,11,2011-12-10 18:30:00,2,0.5789524057526073,New / Promising
13038,31,8,498.9,62.3625,159,2011-12-10 18:30:00,0,0.5575102696285644,Loyal Customers
13039,59,11,968.17,88.01545454545455,411,2011-12-10 18:30:00,0,0.3847641830781078,Loyal Customers
13040,8,1,3.3899999999999997,3.3899999999999997,8,2011-12-10 18:30:00,2,0.871293692499154,New / Promising
13041,116,2,93.78,46.89,156,2011-12-10 18:30:00,1,0.7977864503259307,Hibernating / Lost
13042,47,1,12.690000000000001,12.690000000000001,47,2011-12-10 18:30:00,2,0.8290840482099351,New / Promising
13043,126,8,332.01,41.50125,378,2011-12-10 18:30:00,3,0.5704451743685754,At Risk - High Value
13044,452,4,47.739999999999995,11.934999999999999,489,2011-12-10 18:30:00,1,0.8608265150778204,Hibernating / Lost
13045,91,8,390.5,48.8125,308,2011-12-10 18:30:00,3,0.6184627989293494,At Risk - High Value
13046,89,4,179.28,44.82,166,2011-12-10 18:30:00,3,0.355958146598658,At Risk - High Value
13047,81,9,633.59,70.39888888888889,369,2011-12-10 18:30:00,0,0.7199922902194034,Loyal Customers
13048,21,8,601.89,75.23625,279,2011-12-10 18:30:00,0,0.6255140798087995,Loyal Customers
13049,14,2,31.43,15.715,48,2011-12-10 18:30:00,2,0.5051534324493278,New / Promising
13050,77,3,107.55,35.85,147,2011-12-10 18:30:00,3,0.7397668548658228,At Risk - High Value
13051,226,4,121.42,30.355,301,2011-12-10 18:30:00,3,0.6844652560527363,At Risk - High Value
13052,368,2,11.399999999999999,5.699999999999999,378,2011-12-10 18:30:00,1,0.5634904686248734,Hibernating / Lost
13053,497,4,33.33,8.3325,537,2011-12-10 18:30:00,1,0.8720539675953347,Hibernating / Lost
13054,197,5,161.67000000000002,32.334,326,2011-12-10 18:30:00,3,0.467412705149267,At Risk - High Value
13055,138,7,134.67,19.238571428571426,263,2011-12-10 18:30:00,3,0.41503340146377304,At Risk - High Value
13056,36,2,16.27,8.135,72,2011-12-10 18:30:00,2,0.5839979328781202,New / Promising
13057,198,3,42.32,14.106666666666667,236,2011-12-10 18:30:00,1,0.40719571415911776,Hibernating / Lost
13058,194,2,26.869999999999997,13.434999999999999,223,2011-12-10 18:30:00,1,0.14977584342387087,Hibernating / Lost
13060,20,4,49.0,12.25,84,2011-12-10 18:30:00,2,1.1114135690422933,New / Promising
13061,52,7,1081.26,154.46571428571428,227,2011-12-10 18:30:00,0,0.6422084744531433,Loyal Customers
13062,34,7,146.26,20.89428571428571,88,2011-12-10 18:30:00,3,0.9469138119336067,At Risk - High Value
13063,32,16,1750.26,109.39125,604,2011-12-10 18:30:00,0,0.5415159247260911,Loyal Customers
13064,35,2,55.47,27.735,73,2011-12-10 18:30:00,2,0.9105534016999755,New / Promising
13065,34,2,8.96,4.48,59,2011-12-10 18:30:00,2,0.5513534107933137,New / Promising
13066,170,4,136.06,34.015,237,2011-12-10 18:30:00,3,0.4993301293032672,At Risk - High Value
13067,224,8,393.47,49.18375,394,2011-12-10 18:30:00,3,0.8193791537820202,At Risk - High Value
13068,5,29,9017.74,310.9565517241379,682,2011-12-10 18:30:00,4,0.6605953712850784,Champions
13069,17,1,9.74,9.74,17,2011-12-10 18:30:00,2,0.39113785139830465,New / Promising
13070,52,10,1339.57,133.957,404,2011-12-10 18:30:00,0,0.3463362056514374,Loyal Customers
13071,14,30,7296.92,243.23066666666668,622,2011-12-10 18:30:00,4,0.6208363534037622,Champions
13072,98,4,154.59,38.6475,191,2011-12-10 18:30:00,3,0.3476804278774566,At Risk - High Value
13073,3,15,1349.02,89.93466666666667,235,2011-12-10 18:30:00,4,1.022602106630986,Champions
13074,153,2,62.61,31.305,176,2011-12-10 18:30:00,1,0.5087399916760672,Hibernating / Lost
13075,102,7,263.3,37.614285714285714,299,2011-12-10 18:30:00,3,0.3649371435779713,At Risk - High Value
13076,103,8,182.24,22.78,289,2011-12-10 18:30:00,3,0.490665732500092,At Risk - High Value
13077,14,24,6265.41,261.05875,535,2011-12-10 18:30:00,4,0.40552445654204183,Champions
13078,18,9,720.75,80.08333333333333,320,2011-12-10 18:30:00,0,0.593774263344898,Loyal Customers
13079,67,9,451.31,50.14555555555555,295,2011-12-10 18:30:00,0,0.6870205135493956,Loyal Customers
13080,20,14,1942.17,138.72642857142858,579,2011-12-10 18:30:00,0,0.6069602658183687,Loyal Customers
13081,484,3,77.82000000000001,25.94,534,2011-12-10 18:30:00,1,0.8268535841327517,Hibernating / Lost
13082,119,5,278.05,55.61,248,2011-12-10 18:30:00,3,0.20792727120094828,At Risk - High Value
13083,49,4,226.4,56.6,141,2011-12-10 18:30:00,3,0.6878975782676231,At Risk - High Value
13084,39,4,289.71999999999997,72.42999999999999,132,2011-12-10 18:30:00,3,0.863140895327464,At Risk - High Value
13085,240,7,181.18,25.882857142857144,400,2011-12-10 18:30:00,3,0.6877233015348958,At Risk - High Value
13086,24,22,4290.3,195.01363636363638,597,2011-12-10 18:30:00,4,0.726635219883134,Champions
13087,3,13,665.52,51.19384615384615,297,2011-12-10 18:30:00,5,1.217585754484917,Loyal Customers (less frequent)
13088,16,1,1.5699999999999998,1.5699999999999998,16,2011-12-10 18:30:00,2,0.9188356321405391,New / Promising
13089,9,24,7937.349999999999,330.72291666666666,691,2011-12-10 18:30:00,4,0.32720812269421395,Champions
13090,197,6,235.87,39.31166666666667,327,2011-12-10 18:30:00,3,0.48606569028201324,At Risk - High Value
13091,160,3,29.360000000000003,9.786666666666667,179,2011-12-10 18:30:00,1,0.43780483589861463,Hibernating / Lost
13092,55,9,589.95,65.55000000000001,266,2011-12-10 18:30:00,0,0.5075904496789879,Loyal Customers
13093,124,4,92.44,23.11,164,2011-12-10 18:30:00,3,0.4988607689411619,At Risk - High Value
13094,341,2,3.84,1.92,376,2011-12-10 18:30:00,1,0.9581449157078491,Hibernating / Lost
13095,2,3,25.540000000000003,8.513333333333334,13,2011-12-10 18:30:00,2,1.5446244148215178,New / Promising
13096,111,3,200.11,66.70333333333333,167,2011-12-10 18:30:00,3,0.6266650721056918,At Risk - High Value
13097,36,8,177.19,22.14875,186,2011-12-10 18:30:00,3,0.968327184697732,At Risk - High Value
13098,19,9,554.68,61.6311111111111,175,2011-12-10 18:30:00,0,0.6156453504852389,Loyal Customers
13099,171,9,121.25,13.472222222222221,321,2011-12-10 18:30:00,3,0.7579301447196551,At Risk - High Value
13100,98,3,55.48,18.493333333333332,162,2011-12-10 18:30:00,1,0.8080848036938219,Hibernating / Lost
13101,92,7,398.16999999999996,56.881428571428565,273,2011-12-10 18:30:00,3,0.5055589567728589,At Risk - High Value
13102,68,7,256.56,36.651428571428575,321,2011-12-10 18:30:00,3,0.5039050693912025,At Risk - High Value
13103,9,2,15.74,7.87,26,2011-12-10 18:30:00,2,0.5121380121826673,New / Promising
13104,19,20,5258.28,262.914,627,2011-12-10 18:30:00,4,0.5595723671122493,Champions
13105,76,2,50.13,25.065,110,2011-12-10 18:30:00,1,0.8968638146332788,Hibernating / Lost
13106,190,3,70.18,23.393333333333334,214,2011-12-10 18:30:00,1,0.5810952403270465,Hibernating / Lost
13107,16,15,2171.97,144.79799999999997,386,2011-12-10 18:30:00,4,0.7198527785445689,Champions
13108,17,16,6363.88,397.7425,619,2011-12-10 18:30:00,4,0.6117887988315349,Champions
13109,23,14,1589.49,113.535,303,2011-12-10 18:30:00,0,0.48654228294651425,Loyal Customers
13110,37,2,9.69,4.845,79,2011-12-10 18:30:00,2,0.6010121821947617,New / Promising
13111,25,30,9255.4,308.5133333333333,697,2011-12-10 18:30:00,4,0.9560898555304773,Champions
13112,19,15,2561.72,170.78133333333332,447,2011-12-10 18:30:00,0,0.7557720069092502,Loyal Customers
13113,9,25,5229.400000000001,209.17600000000002,597,2011-12-10 18:30:00,4,0.23889724952477454,Champions
13114,50,8,1063.44,132.93,160,2011-12-10 18:30:00,0,0.48631960816886666,Loyal Customers
13115,499,2,12.6,6.3,534,2011-12-10 18:30:00,1,0.7068181759942421,Hibernating / Lost
13116,77,7,416.92,59.56,252,2011-12-10 18:30:00,3,0.570671861097804,At Risk - High Value
13117,68,2,47.160000000000004,23.580000000000002,104,2011-12-10 18:30:00,1,0.9686574511113422,Hibernating / Lost
13118,90,2,109.52,54.76,114,2011-12-10 18:30:00,1,0.9879163106506356,Hibernating / Lost
13119,33,2,22.9,11.45,48,2011-12-10 18:30:00,2,0.5861784693177583,New / Promising
13120,20,29,10469.4,361.0137931034483,685,2011-12-10 18:30:00,4,0.8374454565384082,Champions
13121,27,1,5.61,5.61,27,2011-12-10 18:30:00,2,0.6125436276021894,New / Promising
13122,100,7,142.64000000000001,20.37714285714286,310,2011-12-10 18:30:00,3,0.36558040118620544,At Risk - High Value
13123,49,11,1324.59,120.41727272727272,231,2011-12-10 18:30:00,0,0.27656134302516455,Loyal Customers
13124,317,1,12.16,12.16,317,2011-12-10 18:30:00,1,0.7762546031014024,Hibernating / Lost
13125,8,1,28.38,28.38,8,2011-12-10 18:30:00,2,0.7708408517535442,New / Promising
13126,54,5,246.93,49.386,150,2011-12-10 18:30:00,3,0.5492474933155994,At Risk - High Value
13127,20,1,11.25,11.25,20,2011-12-10 18:30:00,2,0.3911899005186081,New / Promising
13128,120,3,60.34,20.113333333333333,192,2011-12-10 18:30:00,1,0.7100816880159658,Hibernating / Lost
13129,110,5,56.43999999999999,11.287999999999998,170,2011-12-10 18:30:00,3,0.6197465531421005,At Risk - High Value
13130,1,1,12.940000000000001,12.940000000000001,1,2011-12-10 18:30:00,2,1.7425871376322652,New / Promising
13131,4,4,303.2,75.8,136,2011-12-10 18:30:00,5,0.7476984547722922,Loyal Customers (less frequent)
13132,141,2,47.43,23.715,160,2011-12-10 18:30:00,1,0.4609656597286651,Hibernating / Lost
13133,16,9,682.4,75.82222222222222,196,2011-12-10 18:30:00,0,0.6751968907984317,Loyal Customers
13134,111,1,2.2,2.2,111,2011-12-10 18:30:00,1,1.395350237890102,Hibernating / Lost
13135,126,4,201.54,50.385,234,2011-12-10 18:30:00,3,0.3394560551537582,At Risk - High Value
13136,45,6,215.57,35.928333333333335,113,2011-12-10 18:30:00,3,0.6852537087587603,At Risk - High Value
13137,98,2,52.82,26.41,116,2011-12-10 18:30:00,1,0.727501546916674,Hibernating / Lost
13138,106,8,489.38,61.1725,281,2011-12-10 18:30:00,3,0.6770328736962888,At Risk - High Value
13139,7,10,1576.2,157.62,394,2011-12-10 18:30:00,5,1.0541790389670342,Loyal Customers (less frequent)
13140,24,19,6292.08,331.1621052631579,685,2011-12-10 18:30:00,4,0.7518661342656461,Champions
13141,14,4,174.59,43.6475,71,2011-12-10 18:30:00,5,0.6532158765806071,Loyal Customers (less frequent)
13142,10,26,6314.4,242.86153846153846,622,2011-12-10 18:30:00,4,0.3363240671637842,Champions
13143,4,7,811.8199999999999,115.9742857142857,194,2011-12-10 18:30:00,5,0.7687038988851811,Loyal Customers (less frequent)
13144,477,3,17.79,5.93,527,2011-12-10 18:30:00,1,0.6844815435624824,Hibernating / Lost
13145,108,3,11.16,3.72,157,2011-12-10 18:30:00,1,0.8039639809791896,Hibernating / Lost
13146,40,3,35.29,11.763333333333334,102,2011-12-10 18:30:00,2,0.9846102643384816,New / Promising
13147,119,5,395.90999999999997,79.18199999999999,295,2011-12-10 18:30:00,3,0.37475735737709326,At Risk - High Value
13148,30,3,20.189999999999998,6.7299999999999995,51,2011-12-10 18:30:00,2,0.7420796168578407,New / Promising
13149,113,3,54.16,18.05333333333333,158,2011-12-10 18:30:00,1,0.7174789089310049,Hibernating / Lost
13150,14,8,898.48,112.31,137,2011-12-10 18:30:00,5,0.7279633859156012,Loyal Customers (less frequent)
13151,56,19,1641.23,86.38052631578948,716,2011-12-10 18:30:00,0,0.8035146164082451,Loyal Customers
13152,333,1,12.850000000000001,12.850000000000001,333,2011-12-10 18:30:00,1,0.7758912987702316,Hibernating / Lost
13153,50,17,1599.31,94.07705882352941,622,2011-12-10 18:30:00,0,0.6406759167931978,Loyal Customers
13154,30,8,148.03,18.50375,270,2011-12-10 18:30:00,5,0.9685123506794415,Loyal Customers (less frequent)
13155,34,1,8.969999999999999,8.969999999999999,34,2011-12-10 18:30:00,2,0.640357640298102,New / Promising
13156,24,27,7175.6900000000005,265.76629629629633,714,2011-12-10 18:30:00,4,0.826482870689608,Champions
13157,2,27,10329.49,382.5737037037037,674,2011-12-10 18:30:00,4,1.0475376615308412,Champions
13158,9,2,13.02,6.51,34,2011-12-10 18:30:00,2,0.5005162113199593,New / Promising
13159,133,7,174.38,24.91142857142857,313,2011-12-10 18:30:00,3,0.3642010902293795,At Risk - High Value
13160,39,13,1603.82,123.37076923076923,402,2011-12-10 18:30:00,0,0.30829481276743514,Loyal Customers
13161,12,1,16.86,16.86,12,2011-12-10 18:30:00,2,0.47943234208313396,New / Promising
13162,9,1,4.4399999999999995,4.4399999999999995,9,2011-12-10 18:30:00,2,0.7524156585917761,New / Promising
13163,142,7,172.21,24.601428571428574,347,2011-12-10 18:30:00,3,0.3887991078203773,At Risk - High Value
13164,107,1,7.48,7.48,107,2011-12-10 18:30:00,1,1.0581617633755247,Hibernating / Lost
13165,48,10,577.94,57.794000000000004,258,2011-12-10 18:30:00,0,0.3918758781128938,Loyal Customers
13166,23,14,5132.01,366.57214285714286,465,2011-12-10 18:30:00,4,0.8712155996318012,Champions
13167,219,5,275.46999999999997,55.093999999999994,366,2011-12-10 18:30:00,3,0.5679042666163971,At Risk - High Value
13168,36,10,759.26,75.926,220,2011-12-10 18:30:00,0,0.20317660850732105,Loyal Customers
13169,11,1,16.2,16.2,11,2011-12-10 18:30:00,2,0.5108648483545256,New / Promising
13170,13,2,37.49,18.745,30,2011-12-10 18:30:00,2,0.5990870538730555,New / Promising
13171,1,25,8628.87,345.1548,702,2011-12-10 18:30:00,4,1.2789280383855277,Champions
13172,202,7,116.83,16.69,422,2011-12-10 18:30:00,3,0.6273878985229852,At Risk - High Value
13173,104,9,411.77,45.75222222222222,304,2011-12-10 18:30:00,3,0.739803125114014,At Risk - High Value
13174,8,2,43.5,21.75,26,2011-12-10 18:30:00,2,0.8354341374422671,New / Promising
13175,78,7,467.81000000000006,66.83000000000001,243,2011-12-10 18:30:00,3,0.6075370584810922,At Risk - High Value
13176,255,4,198.48,49.62,326,2011-12-10 18:30:00,3,0.7253226183956666,At Risk - High Value
13177,212,6,293.2,48.86666666666667,321,2011-12-10 18:30:00,3,0.5695780921047832,At Risk - High Value
13178,56,6,346.53,57.754999999999995,179,2011-12-10 18:30:00,3,0.6003258679814849,At Risk - High Value
13179,73,2,74.47999999999999,37.239999999999995,101,2011-12-10 18:30:00,1,1.003798970536469,Hibernating / Lost
13180,490,2,26.46,13.23,533,2011-12-10 18:30:00,1,0.5788114396204354,Hibernating / Lost
13181,85,4,318.91,79.7275,167,2011-12-10 18:30:00,3,0.4483997747111188,At Risk - High Value
13182,19,2,45.68,22.84,39,2011-12-10 18:30:00,2,0.6587357769432445,New / Promising
13183,38,1,5.449999999999999,5.449999999999999,38,2011-12-10 18:30:00,2,0.7842130225194027,New / Promising
13184,32,7,180.35,25.764285714285712,142,2011-12-10 18:30:00,5,0.9515232719829962,Loyal Customers (less frequent)
13185,256,4,139.08,34.77,358,2011-12-10 18:30:00,3,0.7463304868164473,At Risk - High Value
13186,15,22,6020.49,273.65863636363633,686,2011-12-10 18:30:00,4,0.40838879753882223,Champions
13187,287,3,56.53,18.843333333333334,324,2011-12-10 18:30:00,1,0.5066101028360002,Hibernating / Lost
13188,177,2,26.949999999999996,13.474999999999998,202,2011-12-10 18:30:00,1,0.21487072956830966,Hibernating / Lost
13189,214,8,217.27,27.15875,286,2011-12-10 18:30:00,3,0.7133658642139293,At Risk - High Value
13190,30,9,1042.37,115.81888888888888,240,2011-12-10 18:30:00,0,0.29422796994514483,Loyal Customers
13191,23,2,23.56,11.78,50,2011-12-10 18:30:00,2,0.4113323181575203,New / Promising
13192,71,5,220.97,44.194,208,2011-12-10 18:30:00,3,0.3378664407106077,At Risk - High Value
13193,467,3,51.66,17.22,515,2011-12-10 18:30:00,1,0.7000785342582331,Hibernating / Lost
13194,33,7,1030.8400000000001,147.26285714285717,203,2011-12-10 18:30:00,0,0.5757426792849418,Loyal Customers
13195,28,3,18.44,6.146666666666667,59,2011-12-10 18:30:00,2,0.7026929701409342,New / Promising
13196,29,14,1348.06,96.28999999999999,413,2011-12-10 18:30:00,0,0.3550192224156485,Loyal Customers
13197,55,11,1852.83,168.4390909090909,365,2011-12-10 18:30:00,0,0.4466353770208526,Loyal Customers
13199,35,1,10.969999999999999,10.969999999999999,35,2011-12-10 18:30:00,2,0.6423051248158254,New / Promising
13200,82,7,599.35,85.62142857142858,262,2011-12-10 18:30:00,3,0.691828798822785,At Risk - High Value
13201,107,2,127.22,63.61,135,2011-12-10 18:30:00,1,0.9542164285400314,Hibernating / Lost
13202,230,3,57.019999999999996,19.006666666666664,278,2011-12-10 18:30:00,1,0.48214037187871156,Hibernating / Lost
13203,36,1,28.229999999999997,28.229999999999997,36,2011-12-10 18:30:00,2,0.765052332864561,New / Promising
13204,3,7,284.24,40.605714285714285,138,2011-12-10 18:30:00,5,0.713528590946427,Loyal Customers (less frequent)
13205,113,7,297.07,42.43857142857143,273,2011-12-10 18:30:00,3,0.3929135118059793,At Risk - High Value
13206,60,1,13.98,13.98,60,2011-12-10 18:30:00,2,0.9983395855083879,New / Promising
13207,312,1,3.75,3.75,312,2011-12-10 18:30:00,1,1.1304653923361587,Hibernating / Lost
13208,267,1,45.739999999999995,45.739999999999995,267,2011-12-10 18:30:00,1,0.6713657597376131,Hibernating / Lost
13209,60,6,179.2,29.866666666666664,280,2011-12-10 18:30:00,3,0.4746061195850413,At Risk - High Value
13210,16,17,1505.3,88.54705882352941,445,2011-12-10 18:30:00,4,0.7600824088996792,Champions
13211,18,1,7.23,7.23,18,2011-12-10 18:30:00,2,0.4498991012156735,New / Promising
13212,16,1,0.44,0.44,16,2011-12-10 18:30:00,2,1.1919551536314017,New / Promising
13213,493,1,14.14,14.14,493,2011-12-10 18:30:00,1,0.9100139589439955,Hibernating / Lost
13214,1,9,855.77,95.08555555555556,216,2011-12-10 18:30:00,5,1.425913855299458,Loyal Customers (less frequent)
13215,119,3,113.96,37.986666666666665,191,2011-12-10 18:30:00,3,0.6833981322712802,At Risk - High Value
13216,493,3,44.67,14.89,511,2011-12-10 18:30:00,1,0.706210894353414,Hibernating / Lost
13217,12,25,6839.3,273.572,712,2011-12-10 18:30:00,4,0.37603559242613127,Champions
13218,30,2,17.46,8.73,70,2011-12-10 18:30:00,2,0.47156437287014114,New / Promising
13219,7,9,640.34,71.14888888888889,303,2011-12-10 18:30:00,5,0.6250273694441058,Loyal Customers (less frequent)
13220,493,1,22.959999999999997,22.959999999999997,493,2011-12-10 18:30:00,1,0.853115808690457,Hibernating / Lost
13221,32,1,14.280000000000001,14.280000000000001,32,2011-12-10 18:30:00,2,0.5901485279396963,New / Promising
13222,67,5,428.03,85.606,234,2011-12-10 18:30:00,3,0.5485201932187067,At Risk - High Value
13223,49,10,323.61,32.361000000000004,229,2011-12-10 18:30:00,0,0.6445103840304847,Loyal Customers
13224,151,4,156.32,39.08,197,2011-12-10 18:30:00,3,0.41968780447296544,At Risk - High Value
13225,230,4,97.39,24.3475,318,2011-12-10 18:30:00,3,0.7398682305822342,At Risk - High Value
13226,115,3,39.9,13.299999999999999,158,2011-12-10 18:30:00,1,0.6525696770106443,Hibernating / Lost
13227,135,2,72.31,36.155,171,2011-12-10 18:30:00,1,0.624520972027652,Hibernating / Lost
13228,24,1,2.56,2.56,24,2011-12-10 18:30:00,2,0.8056569348198229,New / Promising
13229,80,6,66.19,11.031666666666666,197,2011-12-10 18:30:00,3,0.6021701429598422,At Risk - High Value
13230,17,14,2154.83,153.91642857142855,563,2011-12-10 18:30:00,0,0.720742480034476,Loyal Customers
13231,92,3,117.18,39.06,177,2011-12-10 18:30:00,3,0.6864628186087108,At Risk - High Value
13232,107,7,176.94,25.277142857142856,251,2011-12-10 18:30:00,3,0.32939685873377383,At Risk - High Value
13233,27,10,893.66,89.366,237,2011-12-10 18:30:00,0,0.25292504711089336,Loyal Customers
13234,60,17,1338.09,78.71117647058823,567,2011-12-10 18:30:00,0,0.6840758308148949,Loyal Customers
13235,72,2,9.01,4.505,72,2011-12-10 18:30:00,1,1.0432627314244252,Hibernating / Lost
13236,58,7,231.32,33.04571428571428,298,2011-12-10 18:30:00,3,0.5847453969933296,At Risk - High Value
13237,8,2,19.68,9.84,27,2011-12-10 18:30:00,2,0.6158086208668715,New / Promising
13238,34,9,607.0500000000001,67.45,275,2011-12-10 18:30:00,0,0.3763121903213685,Loyal Customers
13239,9,15,1448.96,96.59733333333334,309,2011-12-10 18:30:00,4,0.730457619007791,Champions
13240,239,3,94.32000000000001,31.44,317,2011-12-10 18:30:00,1,0.6859703637558905,Hibernating / Lost
13241,11,1,11.899999999999999,11.899999999999999,11,2011-12-10 18:30:00,2,0.4960051902834069,New / Promising
13242,113,9,226.03,25.114444444444445,364,2011-12-10 18:30:00,3,0.6384723632537185,At Risk - High Value
13243,45,6,305.99,50.998333333333335,168,2011-12-10 18:30:00,3,0.7213077200783184,At Risk - High Value
13244,5,16,1222.69,76.418125,401,2011-12-10 18:30:00,4,0.8450903963120574,Champions
13245,244,4,123.12,30.78,324,2011-12-10 18:30:00,3,0.7309098127395464,At Risk - High Value
13246,209,6,196.58,32.763333333333335,338,2011-12-10 18:30:00,3,0.5188867628417695,At Risk - High Value
13247,63,9,137.7,15.299999999999999,308,2011-12-10 18:30:00,3,0.7751889675130369,At Risk - High Value
13248,20,18,4843.35,269.07500000000005,384,2011-12-10 18:30:00,4,0.623387330005234,Champions
13249,169,3,34.22,11.406666666666666,208,2011-12-10 18:30:00,1,0.4224497953969609,Hibernating / Lost
13250,9,1,5.84,5.84,9,2011-12-10 18:30:00,2,0.6880629417760006,New / Promising
13251,141,1,14.950000000000001,14.950000000000001,141,2011-12-10 18:30:00,1,0.7866390507097638,Hibernating / Lost
13252,65,2,86.6,43.3,89,2011-12-10 18:30:00,1,1.117124954156524,Hibernating / Lost
13253,47,19,1489.5800000000002,78.39894736842106,593,2011-12-10 18:30:00,0,0.7424444857854294,Loyal Customers
13254,2,4,67.69,16.9225,41,2011-12-10 18:30:00,5,1.2765114157439859,Loyal Customers (less frequent)
13255,35,8,379.47,47.43375,195,2011-12-10 18:30:00,0,0.6482584324646353,Loyal Customers
13256,75,3,39.84,13.280000000000001,159,2011-12-10 18:30:00,1,0.9370452108473485,Hibernating / Lost
13257,14,1,1.64,1.64,14,2011-12-10 18:30:00,2,0.9176097862979081,New / Promising
13258,34,2,11.51,5.755,78,2011-12-10 18:30:00,2,0.53122135494983,New / Promising
13259,11,2,18.75,9.375,30,2011-12-10 18:30:00,2,0.42073089184826207,New / Promising
13260,10,1,7.64,7.64,10,2011-12-10 18:30:00,2,0.5862841213415978,New / Promising
13261,12,2,19.24,9.62,44,2011-12-10 18:30:00,2,0.381785359402945,New / Promising
13262,26,11,421.03000000000003,38.27545454545455,260,2011-12-10 18:30:00,0,0.5042926747523292,Loyal Customers
13263,23,15,1307.99,87.19933333333333,311,2011-12-10 18:30:00,0,0.511810122685543,Loyal Customers
13264,51,9,338.2,37.577777777777776,236,2011-12-10 18:30:00,0,0.6769860233597705,Loyal Customers
13265,213,8,283.85,35.48125,345,2011-12-10 18:30:00,3,0.7343918391653864,At Risk - High Value
13266,49,12,1719.19,143.26583333333335,312,2011-12-10 18:30:00,0,0.36985141248292,Loyal Customers
13267,29,2,22.57,11.285,67,2011-12-10 18:30:00,2,0.5074055118176689,New / Promising
13268,49,5,131.3,26.26,166,2011-12-10 18:30:00,3,0.6379515685558056,At Risk - High Value
13269,12,6,144.18,24.03,104,2011-12-10 18:30:00,5,0.39164879254153323,Loyal Customers (less frequent)
13270,30,12,1557.99,129.8325,393,2011-12-10 18:30:00,0,0.26329960272425657,Loyal Customers
13271,106,8,598.27,74.78375,364,2011-12-10 18:30:00,3,0.750840618550573,At Risk - High Value
13272,9,15,1792.24,119.48266666666667,438,2011-12-10 18:30:00,4,0.647705373646185,Champions
13273,13,1,15.12,15.12,13,2011-12-10 18:30:00,2,0.43692515758231126,New / Promising
13274,204,3,81.79,27.263333333333335,236,2011-12-10 18:30:00,1,0.6316515757459142,Hibernating / Lost
13275,126,2,28.47,14.235,162,2011-12-10 18:30:00,1,0.4682568258215485,Hibernating / Lost
13276,98,4,292.98,73.245,171,2011-12-10 18:30:00,3,0.3904963473531969,At Risk - High Value
13277,70,6,353.6,58.93333333333334,260,2011-12-10 18:30:00,3,0.474499636043657,At Risk - High Value
13278,201,2,34.08,17.04,211,2011-12-10 18:30:00,1,0.15472202029765342,Hibernating / Lost
13279,466,2,82.69000000000001,41.345000000000006,497,2011-12-10 18:30:00,1,0.75829547781451,Hibernating / Lost
13280,338,3,56.31999999999999,18.77333333333333,375,2011-12-10 18:30:00,1,0.5589133001088699,Hibernating / Lost
13281,2,11,605.29,55.026363636363634,275,2011-12-10 18:30:00,5,1.2122841318107835,Loyal Customers (less frequent)
13282,15,1,10.72,10.72,15,2011-12-10 18:30:00,2,0.3943767706196117,New / Promising
13283,53,7,1610.59,230.0842857142857,221,2011-12-10 18:30:00,0,0.687532919041123,Loyal Customers
13284,13,4,24.88,6.22,53,2011-12-10 18:30:00,2,0.9673125871680033,New / Promising
13285,25,10,1383.18,138.318,337,2011-12-10 18:30:00,0,0.3297949173872222,Loyal Customers
13286,87,5,390.25,78.05,243,2011-12-10 18:30:00,3,0.3990423373425506,At Risk - High Value
13287,28,1,6.949999999999999,6.949999999999999,28,2011-12-10 18:30:00,2,0.5788675746753498,New / Promising
13288,57,10,1874.3300000000002,187.43300000000002,352,2011-12-10 18:30:00,0,0.4896086692033237,Loyal Customers
13289,191,5,209.34,41.868,284,2011-12-10 18:30:00,3,0.43733967356718223,At Risk - High Value
13290,235,4,171.38,42.845,289,2011-12-10 18:30:00,3,0.6723325320871493,At Risk - High Value
13291,3,9,303.46,33.717777777777776,177,2011-12-10 18:30:00,5,0.8244618753981348,Loyal Customers (less frequent)
13292,252,3,66.56,22.186666666666667,302,2011-12-10 18:30:00,1,0.544172234241858,Hibernating / Lost
13293,7,1,3.81,3.81,7,2011-12-10 18:30:00,2,0.9033197273645753,New / Promising
13294,2,1,12.84,12.84,2,2011-12-10 18:30:00,2,1.439837719531555,New / Promising
13295,76,3,140.4,46.800000000000004,106,2011-12-10 18:30:00,3,0.7013070155978559,At Risk - High Value
13296,149,6,146.81,24.468333333333334,221,2011-12-10 18:30:00,3,0.31157123178466056,At Risk - High Value
13297,51,9,454.67,50.51888888888889,273,2011-12-10 18:30:00,0,0.5600902833277677,Loyal Customers
13298,104,4,424.81,106.2025,162,2011-12-10 18:30:00,3,0.5110869427220018,At Risk - High Value
13299,37,12,1001.13,83.4275,488,2011-12-10 18:30:00,0,0.09990473728938926,Loyal Customers
13300,3,2,18.48,9.24,37,2011-12-10 18:30:00,2,1.198302959262237,New / Promising
13301,36,1,3.6100000000000003,3.6100000000000003,36,2011-12-10 18:30:00,2,0.8514040617148482,New / Promising
13302,452,1,2.75,2.75,452,2011-12-10 18:30:00,1,1.3124566287092019,Hibernating / Lost
13303,25,4,96.48,24.12,151,2011-12-10 18:30:00,5,1.0473726343497367,Loyal Customers (less frequent)
13304,140,5,140.89,28.177999999999997,304,2011-12-10 18:30:00,3,0.2588620133322291,At Risk - High Value
13305,148,4,152.01000000000002,38.002500000000005,196,2011-12-10 18:30:00,3,0.4145879076359553,At Risk - High Value
13306,160,2,151.49,75.745,180,2011-12-10 18:30:00,1,0.8844986771594107,Hibernating / Lost
13307,150,5,267.37,53.474000000000004,254,2011-12-10 18:30:00,3,0.30305391464012804,At Risk - High Value
13308,3,21,1695.6100000000001,80.74333333333334,494,2011-12-10 18:30:00,4,0.8508081948821372,Champions
13309,18,8,1205.28,150.66,270,2011-12-10 18:30:00,0,0.6528783194223482,Loyal Customers
13310,37,1,6.430000000000001,6.430000000000001,37,2011-12-10 18:30:00,2,0.7376466515868674,New / Promising
13311,174,4,109.42,27.355,244,2011-12-10 18:30:00,3,0.5587283656756283,At Risk - High Value
13312,33,1,1.59,1.59,33,2011-12-10 18:30:00,2,1.0295609404469628,New / Promising
13313,11,17,2395.23,140.8958823529412,526,2011-12-10 18:30:00,4,0.4589548024827165,Champions
13314,102,4,172.21,43.0525,160,2011-12-10 18:30:00,3,0.32834364529641086,At Risk - High Value
13315,61,9,742.3199999999999,82.47999999999999,317,2011-12-10 18:30:00,0,0.5141554607686345,Loyal Customers
13316,119,9,549.16,61.01777777777777,329,2011-12-10 18:30:00,3,0.8264083793062479,At Risk - High Value
13317,6,27,6600.93,244.4788888888889,671,2011-12-10 18:30:00,4,0.45584224356917774,Champions
13318,58,9,739.27,82.14111111111112,178,2011-12-10 18:30:00,0,0.4851236876880968,Loyal Customers
13319,18,2,21.35,10.675,53,2011-12-10 18:30:00,2,0.3165732191523615,New / Promising
13320,1,9,341.49,37.943333333333335,183,2011-12-10 18:30:00,5,1.3118844257716038,Loyal Customers (less frequent)
13321,189,3,164.04999999999998,54.68333333333333,199,2011-12-10 18:30:00,3,0.7594997396138778,At Risk - High Value
13322,103,6,257.82,42.97,199,2011-12-10 18:30:00,3,0.20800534516488176,At Risk - High Value
13323,17,5,136.82999999999998,27.365999999999996,116,2011-12-10 18:30:00,5,0.6373717975937246,Loyal Customers (less frequent)
13324,10,7,544.33,77.76142857142858,178,2011-12-10 18:30:00,5,0.3686951883779576,Loyal Customers (less frequent)
13325,19,17,1552.86,91.34470588235294,470,2011-12-10 18:30:00,0,0.7411947477685057,Loyal Customers
13326,19,3,5.92,1.9733333333333334,28,2011-12-10 18:30:00,2,0.6725820436260496,New / Promising
13327,357,1,11.04,11.04,357,2011-12-10 18:30:00,1,0.832479624101382,Hibernating / Lost
13328,170,1,6.5,6.5,170,2011-12-10 18:30:00,1,0.9540187837872145,Hibernating / Lost
13329,253,7,238.78,34.11142857142857,487,2011-12-10 18:30:00,3,0.7306260830644915,At Risk - High Value
13330,19,11,1539.2,139.92727272727274,175,2011-12-10 18:30:00,0,0.5050670255617811,Loyal Customers
13331,15,1,4.07,4.07,15,2011-12-10 18:30:00,2,0.6279994061651787,New / Promising
13332,111,5,313.78999999999996,62.757999999999996,225,2011-12-10 18:30:00,3,0.25466456588176056,At Risk - High Value
13333,14,25,8845.71,353.8284,716,2011-12-10 18:30:00,4,0.5206615238705725,Champions
13334,21,4,291.02,72.755,93,2011-12-10 18:30:00,5,0.8021603603917927,Loyal Customers (less frequent)
13335,306,2,21.76,10.88,317,2011-12-10 18:30:00,1,0.25563574733785976,Hibernating / Lost
13336,359,3,104.12,34.70666666666667,439,2011-12-10 18:30:00,1,0.8029578074989131,Hibernating / Lost
13337,377,2,57.67,28.835,408,2011-12-10 18:30:00,1,0.5177427511023261,Hibernating / Lost
13338,411,3,66.63,22.209999999999997,463,2011-12-10 18:30:00,1,0.6970505175371577,Hibernating / Lost
13339,79,8,362.88,45.36,387,2011-12-10 18:30:00,3,0.6310301979358562,At Risk - High Value
13340,35,2,23.32,11.66,62,2011-12-10 18:30:00,2,0.6264595288388037,New / Promising
13341,104,3,78.45,26.150000000000002,173,2011-12-10 18:30:00,3,0.7728880609278695,At Risk - High Value
13342,360,3,26.35,8.783333333333333,419,2011-12-10 18:30:00,1,0.47686379562140063,Hibernating / Lost
13343,11,26,13055.89,502.14961538461534,715,2011-12-10 18:30:00,4,0.6183941826332232,Champions
13344,30,2,43.5,21.75,62,2011-12-10 18:30:00,2,0.750182225075442,New / Promising
13345,82,10,397.05,39.705,246,2011-12-10 18:30:00,0,0.8045339021181541,Loyal Customers
13346,32,12,1172.76,97.73,374,2011-12-10 18:30:00,0,0.1390100719217349,Loyal Customers
13348,36,14,1309.29,93.52071428571428,552,2011-12-10 18:30:00,0,0.3162883273941011,Loyal Customers
13349,16,15,886.96,59.13066666666667,360,2011-12-10 18:30:00,0,0.701333295896976,Loyal Customers
13350,206,1,47.13,47.13,206,2011-12-10 18:30:00,1,0.6737254396878046,Hibernating / Lost
13351,60,5,167.88,33.576,144,2011-12-10 18:30:00,3,0.4617197368316458,At Risk - High Value
13352,27,2,4.26,2.13,62,2011-12-10 18:30:00,2,0.6045058427476773,New / Promising
13353,9,9,348.99,38.77666666666667,296,2011-12-10 18:30:00,5,0.44378053809323414,Loyal Customers (less frequent)
13354,490,3,120.74,40.24666666666666,526,2011-12-10 18:30:00,1,0.9816868318256077,Hibernating / Lost
13355,227,6,194.26,32.376666666666665,347,2011-12-10 18:30:00,3,0.5798253599395872,At Risk - High Value
13356,369,4,69.16,17.29,415,2011-12-10 18:30:00,1,0.8574196494255708,Hibernating / Lost
13357,15,4,80.35,20.0875,111,2011-12-10 18:30:00,5,0.8905671387937492,Loyal Customers (less frequent)
13358,91,4,69.34,17.335,115,2011-12-10 18:30:00,3,0.6196646022348822,At Risk - High Value
13359,32,1,7.73,7.73,32,2011-12-10 18:30:00,2,0.6261219101774942,New / Promising
13360,106,4,329.68,82.42,178,2011-12-10 18:30:00,3,0.4185104794362926,At Risk - High Value
13361,32,12,1069.6000000000001,89.13333333333334,304,2011-12-10 18:30:00,0,0.12277640559790197,Loyal Customers
13362,427,3,49.519999999999996,16.506666666666664,461,2011-12-10 18:30:00,1,0.6394461349290083,Hibernating / Lost
13363,23,2,25.52,12.76,37,2011-12-10 18:30:00,2,0.4408397630076168,New / Promising
13364,1,29,8901.28,306.94068965517243,696,2011-12-10 18:30:00,4,1.3321769812583242,Champions
13365,51,2,119.96000000000001,59.980000000000004,84,2011-12-10 18:30:00,3,1.1957515810128,At Risk - High Value
13366,10,2,34.74,17.37,30,2011-12-10 18:30:00,2,0.6568214467459368,New / Promising
13367,54,3,98.6,32.86666666666667,78,2011-12-10 18:30:00,3,0.8874429990254914,At Risk - High Value
13368,34,2,11.469999999999999,5.734999999999999,34,2011-12-10 18:30:00,2,0.5313362317295478,New / Promising
13369,233,7,292.81,41.83,365,2011-12-10 18:30:00,3,0.6993222052847362,At Risk - High Value
13370,1,2,38.04,19.02,24,2011-12-10 18:30:00,2,1.7945252375376992,New / Promising
13371,104,3,122.63,40.876666666666665,144,2011-12-10 18:30:00,3,0.6673161642089018,At Risk - High Value
13372,12,2,13.95,6.975,37,2011-12-10 18:30:00,2,0.32551582799821255,New / Promising
13373,112,7,284.6,40.65714285714286,296,2011-12-10 18:30:00,3,0.380939285207731,At Risk - High Value
13374,21,1,5.74,5.74,21,2011-12-10 18:30:00,2,0.5308662701799861,New / Promising
13375,130,3,127.10000000000001,42.36666666666667,204,2011-12-10 18:30:00,3,0.6744216688324919,At Risk - High Value
13376,165,2,55.22,27.61,191,2011-12-10 18:30:00,1,0.424712448720593,Hibernating / Lost
13377,359,3,120.78999999999999,40.26333333333333,433,2011-12-10 18:30:00,1,0.8641570940656674,Hibernating / Lost
13378,171,3,57.339999999999996,19.113333333333333,187,2011-12-10 18:30:00,1,0.5364999537792777,Hibernating / Lost
13379,16,1,10.95,10.95,16,2011-12-10 18:30:00,2,0.38304124687574526,New / Promising
13380,240,3,87.82,29.27333333333333,274,2011-12-10 18:30:00,1,0.6551652008597184,Hibernating / Lost
13381,20,3,61.08,20.36,58,2011-12-10 18:30:00,2,0.9714730572049539,New / Promising
13382,93,4,168.57,42.1425,115,2011-12-10 18:30:00,3,0.34773719331643377,At Risk - High Value
13383,62,3,48.83,16.276666666666667,130,2011-12-10 18:30:00,3,1.0231293158384753,At Risk - High Value
13384,56,6,251.48,41.913333333333334,216,2011-12-10 18:30:00,3,0.5396947648644654,At Risk - High Value
13385,13,9,1045.23,116.13666666666667,182,2011-12-10 18:30:00,0,0.7817246219835955,Loyal Customers
13386,37,15,2041.63,136.10866666666666,521,2011-12-10 18:30:00,0,0.5164465221339831,Loyal Customers
13387,412,3,7.01,2.3366666666666664,469,2011-12-10 18:30:00,1,0.8572525361336368,Hibernating / Lost
13389,74,1,54.9,54.9,74,2011-12-10 18:30:00,1,1.1158216419998566,Hibernating / Lost
13390,21,20,5723.94,286.197,636,2011-12-10 18:30:00,4,0.6379038598747764,Champions
13391,78,6,375.16,62.52666666666667,293,2011-12-10 18:30:00,3,0.44283435643487834,At Risk - High Value
13392,40,12,1156.92,96.41000000000001,320,2011-12-10 18:30:00,0,0.14460206568340384,Loyal Customers
13393,53,4,88.22,22.055,88,2011-12-10 18:30:00,3,0.7438972389063792,At Risk - High Value
13394,23,2,24.62,12.31,38,2011-12-10 18:30:00,2,0.4273865765121031,New / Promising
13395,38,5,374.21,74.842,185,2011-12-10 18:30:00,3,0.8646288249243845,At Risk - High Value
13396,400,3,55.93,18.643333333333334,442,2011-12-10 18:30:00,1,0.6337009772146835,Hibernating / Lost
13397,32,13,1861.21,143.17000000000002,494,2011-12-10 18:30:00,0,0.3680850555919597,Loyal Customers
13398,95,6,127.35,21.224999999999998,174,2011-12-10 18:30:00,3,0.27323858172655374,At Risk - High Value
13399,49,16,2009.43,125.589375,680,2011-12-10 18:30:00,0,0.6240430920297858,Loyal Customers
13400,32,8,575.16,71.895,260,2011-12-10 18:30:00,0,0.5096276679195815,Loyal Customers
13401,380,1,33.78,33.78,380,2011-12-10 18:30:00,1,0.7308973776134866,Hibernating / Lost
13402,38,1,5.96,5.96,38,2011-12-10 18:30:00,2,0.7667074934846937,New / Promising
13403,62,9,347.14,38.57111111111111,254,2011-12-10 18:30:00,0,0.7390186761092568,Loyal Customers
13404,222,5,176.74,35.348,314,2011-12-10 18:30:00,3,0.5510922300332202,At Risk - High Value
13405,284,3,40.65,13.549999999999999,372,2011-12-10 18:30:00,1,0.41067591576882423,Hibernating / Lost
13406,1,2,13.93,6.965,13,2011-12-10 18:30:00,2,1.7125516956507203,New / Promising
13407,226,8,153.68,19.21,421,2011-12-10 18:30:00,3,0.750609814138471,At Risk - High Value
13408,37,6,285.52,47.586666666666666,166,2011-12-10 18:30:00,3,0.8502707723202271,At Risk - High Value
13409,488,2,9.86,4.93,507,2011-12-10 18:30:00,1,0.7620004564230639,Hibernating / Lost
13410,42,8,327.44,40.93,198,2011-12-10 18:30:00,0,0.7186352575465353,Loyal Customers
13411,38,2,21.1,10.55,82,2011-12-10 18:30:00,2,0.6583426252942517,New / Promising
13412,56,10,282.19,28.219,343,2011-12-10 18:30:00,0,0.7480258900444142,Loyal Customers
13413,228,1,11.900000000000002,11.900000000000002,228,2011-12-10 18:30:00,1,0.7435444259342108,Hibernating / Lost
13414,9,22,7134.99,324.31772727272727,689,2011-12-10 18:30:00,4,0.2306903472902802,Champions
13415,200,2,65.00999999999999,32.504999999999995,228,2011-12-10 18:30:00,1,0.4317546991717493,Hibernating / Lost
13416,34,1,10.059999999999999,10.059999999999999,34,2011-12-10 18:30:00,2,0.6299957712055946,New / Promising
13417,251,7,237.20000000000002,33.885714285714286,359,2011-12-10 18:30:00,3,0.7247845785714083,At Risk - High Value
13418,67,3,105.72,35.24,147,2011-12-10 18:30:00,3,0.7866223335305389,At Risk - High Value
13419,9,1,5.96,5.96,9,2011-12-10 18:30:00,2,0.6837302290719056,New / Promising
13420,5,2,21.42,10.71,35,2011-12-10 18:30:00,2,0.9143671796810223,New / Promising
13421,86,8,519.54,64.9425,286,2011-12-10 18:30:00,3,0.7204184655144837,At Risk - High Value
13422,92,3,33.6,11.200000000000001,101,2011-12-10 18:30:00,1,0.7837576598330286,Hibernating / Lost
13423,138,3,75.68,25.22666666666667,221,2011-12-10 18:30:00,1,0.7115085077428626,Hibernating / Lost
13424,127,3,47.16,15.719999999999999,174,2011-12-10 18:30:00,1,0.6211495293963784,Hibernating / Lost
13425,29,8,744.74,93.0925,210,2011-12-10 18:30:00,0,0.4661471979862661,Loyal Customers
13426,67,5,256.91,51.382000000000005,223,2011-12-10 18:30:00,3,0.4007282364209108,At Risk - High Value
13427,3,2,23.6,11.8,35,2011-12-10 18:30:00,2,1.2223068967464747,New / Promising
13428,4,2,5.73,2.865,27,2011-12-10 18:30:00,2,1.073380827685014,New / Promising
13429,9,2,22.09,11.045,37,2011-12-10 18:30:00,2,0.5698047647862493,New / Promising
13430,21,2,34.879999999999995,17.439999999999998,35,2011-12-10 18:30:00,2,0.5471682646818655,New / Promising
13431,274,3,51.050000000000004,17.01666666666667,316,2011-12-10 18:30:00,1,0.46263838538031976,Hibernating / Lost
13432,258,1,1.76,1.76,258,2011-12-10 18:30:00,1,1.3462344062506812,Hibernating / Lost
13433,325,2,34.370000000000005,17.185000000000002,367,2011-12-10 18:30:00,1,0.2842175547199719,Hibernating / Lost
13434,90,7,164.14,23.448571428571427,210,2011-12-10 18:30:00,3,0.365731606621467,At Risk - High Value
13435,216,6,206.7,34.449999999999996,286,2011-12-10 18:30:00,3,0.5441558209896523,At Risk - High Value
13436,12,5,209.1,41.82,156,2011-12-10 18:30:00,5,0.3689937860905004,Loyal Customers (less frequent)
13437,188,1,19.48,19.48,188,2011-12-10 18:30:00,1,0.6629024082055665,Hibernating / Lost
13438,81,3,103.33000000000001,34.443333333333335,123,2011-12-10 18:30:00,3,0.7353729548625701,At Risk - High Value
13439,39,9,640.87,71.20777777777778,220,2011-12-10 18:30:00,0,0.3635120460924325,Loyal Customers
13440,181,5,41.15,8.23,214,2011-12-10 18:30:00,3,0.8674742110468309,At Risk - High Value
13441,7,4,159.84,39.96,67,2011-12-10 18:30:00,5,0.6169725965392737,Loyal Customers (less frequent)
13442,120,5,239.5,47.9,272,2011-12-10 18:30:00,3,0.14894960115491043,At Risk - High Value
13443,195,2,43.36,21.68,208,2011-12-10 18:30:00,1,0.2561450789720535,Hibernating / Lost
13444,31,3,17.83,5.9433333333333325,68,2011-12-10 18:30:00,2,0.739675547056465,New / Promising
13445,32,12,1215.97,101.33083333333333,472,2011-12-10 18:30:00,0,0.14892628473510902,Loyal Customers
13446,18,32,7769.4,242.79375,681,2011-12-10 18:30:00,4,0.8016541997278578,Champions
13447,90,9,347.7,38.63333333333333,342,2011-12-10 18:30:00,3,0.7134300717500978,At Risk - High Value
13448,398,3,47.36,15.786666666666667,419,2011-12-10 18:30:00,1,0.5911286783904511,Hibernating / Lost
13449,1,1,5.4,5.4,1,2011-12-10 18:30:00,2,1.7825722675537126,New / Promising
13450,14,12,1561.67,130.13916666666668,254,2011-12-10 18:30:00,0,0.7205838807869519,Loyal Customers
13451,414,2,6.31,3.155,455,2011-12-10 18:30:00,1,0.8323322775917544,Hibernating / Lost
13452,23,12,1197.94,99.82833333333333,453,2011-12-10 18:30:00,0,0.343437824058513,Loyal Customers
13453,47,10,593.32,59.33200000000001,252,2011-12-10 18:30:00,0,0.3729914897146885,Loyal Customers
13454,30,2,21.19,10.595,60,2011-12-10 18:30:00,2,0.5106954999701172,New / Promising
13455,19,15,1624.3799999999999,108.29199999999999,272,2011-12-10 18:30:00,0,0.640753835910619,Loyal Customers
13456,19,8,950.93,118.86625,204,2011-12-10 18:30:00,0,0.6187933147615985,Loyal Customers
13457,83,4,229.43,57.3575,163,2011-12-10 18:30:00,3,0.3896183502426082,At Risk - High Value
13458,154,8,234.54,29.3175,266,2011-12-10 18:30:00,3,0.5641511513776174,At Risk - High Value
13459,10,2,15.190000000000001,7.595000000000001,23,2011-12-10 18:30:00,2,0.442777041655225,New / Promising
13460,3,2,27.619999999999997,13.809999999999999,27,2011-12-10 18:30:00,2,1.2436309986071068,New / Promising
13461,27,17,1843.6000000000001,108.44705882352942,555,2011-12-10 18:30:00,0,0.6496932195314866,Loyal Customers
13462,36,13,1448.1,111.39230769230768,388,2011-12-10 18:30:00,0,0.26312730807294665,Loyal Customers
13463,322,1,4.99,4.99,322,2011-12-10 18:30:00,1,1.043006260540006,Hibernating / Lost
13464,119,9,534.47,59.385555555555555,304,2011-12-10 18:30:00,3,0.8177470945266705,At Risk - High Value
13465,34,1,21.0,21.0,34,2011-12-10 18:30:00,2,0.6699917665077305,New / Promising
13466,72,4,17.450000000000003,4.362500000000001,158,2011-12-10 18:30:00,1,1.12082148283102,Hibernating / Lost
13467,31,15,1671.12,111.40799999999999,421,2011-12-10 18:30:00,0,0.4638283060672478,Loyal Customers
13468,35,1,17.02,17.02,35,2011-12-10 18:30:00,2,0.656410460363816,New / Promising
13469,51,8,455.41,56.92625,268,2011-12-10 18:30:00,0,0.6412503542496775,Loyal Customers
13470,203,9,248.03,27.558888888888887,341,2011-12-10 18:30:00,3,0.8021561219489026,At Risk - High Value
13471,60,2,37.62,18.81,78,2011-12-10 18:30:00,1,1.0391708838660343,Hibernating / Lost
13472,92,3,104.47,34.82333333333333,126,2011-12-10 18:30:00,3,0.7095230477366952,At Risk - High Value
13475,22,1,10.05,10.05,22,2011-12-10 18:30:00,2,0.4245376176762072,New / Promising
13476,15,1,2.43,2.43,15,2011-12-10 18:30:00,2,0.7928485039229416,New / Promising
13477,82,4,134.88,33.72,183,2011-12-10 18:30:00,3,0.4250192904215137,At Risk - High Value
13478,47,11,969.6800000000001,88.15272727272728,303,2011-12-10 18:30:00,0,0.21429843718594252,Loyal Customers
13479,274,3,27.93,9.31,342,2011-12-10 18:30:00,1,0.35850431493715557,Hibernating / Lost
13480,27,2,9.62,4.81,68,2011-12-10 18:30:00,2,0.3924974451409698,New / Promising
13481,5,8,330.61,41.32625,105,2011-12-10 18:30:00,5,0.49140432572763876,Loyal Customers (less frequent)
13482,129,5,204.31,40.862,228,2011-12-10 18:30:00,3,0.15019649807001845,At Risk - High Value
13483,111,5,94.65,18.93,240,2011-12-10 18:30:00,3,0.36483726734419186,At Risk - High Value
13484,3,27,7685.86,284.6614814814815,700,2011-12-10 18:30:00,4,0.803636061134706,Champions
13485,259,1,21.13,21.13,259,2011-12-10 18:30:00,1,0.6396489174868812,Hibernating / Lost
13486,89,6,332.37,55.395,290,2011-12-10 18:30:00,3,0.3441185467066025,At Risk - High Value
13487,73,1,3.98,3.98,73,2011-12-10 18:30:00,2,1.2421219705233977,New / Promising
13489,30,2,22.189999999999998,11.094999999999999,74,2011-12-10 18:30:00,2,0.5221000817576372,New / Promising
13490,112,6,154.01,25.668333333333333,204,2011-12-10 18:30:00,3,0.18389162403109055,At Risk - High Value
13491,71,7,483.62,69.08857142857143,265,2011-12-10 18:30:00,3,0.6522398312722315,At Risk - High Value
13492,29,4,30.24,7.56,75,2011-12-10 18:30:00,2,1.0528474727028079,New / Promising
13493,218,1,11.69,11.69,218,2011-12-10 18:30:00,1,0.749491124811909,Hibernating / Lost
13494,95,2,49.98,24.99,111,2011-12-10 18:30:00,1,0.7379738821825684,Hibernating / Lost
13495,66,1,4.89,4.89,66,2011-12-10 18:30:00,2,1.1431407292984033,New / Promising
13496,4,16,1306.96,81.685,425,2011-12-10 18:30:00,4,0.8912789057291094,Champions
13497,23,4,7.859999999999999,1.9649999999999999,66,2011-12-10 18:30:00,2,0.9333647923767279,New / Promising
13498,41,16,2258.71,141.169375,531,2011-12-10 18:30:00,0,0.6212990993013611,Loyal Customers
13499,28,12,1264.39,105.36583333333334,468,2011-12-10 18:30:00,0,0.22571013588685182,Loyal Customers
13500,167,2,32.69,16.345,172,2011-12-10 18:30:00,1,0.2666564265109934,Hibernating / Lost
13501,8,17,1749.4,102.90588235294118,388,2011-12-10 18:30:00,4,0.5649982857195699,Champions
13502,19,14,4663.2300000000005,333.08785714285716,305,2011-12-10 18:30:00,4,0.7627657352459976,Champions
13503,23,30,8779.21,292.64033333333333,716,2011-12-10 18:30:00,4,0.8983673544153579,Champions
13504,33,2,61.6,30.8,44,2011-12-10 18:30:00,2,0.929410250121855,New / Promising
13505,44,3,14.81,4.9366666666666665,123,2011-12-10 18:30:00,2,0.9043990605451375,New / Promising
13506,21,15,5105.5,340.3666666666667,321,2011-12-10 18:30:00,4,0.764957994554555,Champions
13507,406,3,32.83,10.943333333333333,448,2011-12-10 18:30:00,1,0.550210457033788,Hibernating / Lost
13508,19,2,14.73,7.365,34,2011-12-10 18:30:00,2,0.21057331448060765,New / Promising
13509,47,15,1239.32,82.62133333333333,479,2011-12-10 18:30:00,0,0.44503653397385573,Loyal Customers
13510,33,15,2372.0699999999997,158.13799999999998,463,2011-12-10 18:30:00,0,0.5720005403636235,Loyal Customers
13511,36,2,53.629999999999995,26.814999999999998,53,2011-12-10 18:30:00,2,0.9095983515177241,New / Promising
13512,39,2,15.5,7.75,47,2011-12-10 18:30:00,2,0.6356395755992919,New / Promising
13513,7,6,126.7,21.116666666666667,192,2011-12-10 18:30:00,5,0.4339355320581368,Loyal Customers (less frequent)
13514,296,1,7.15,7.15,296,2011-12-10 18:30:00,1,0.9132962551318198,Hibernating / Lost
13515,58,9,1455.7,161.74444444444444,366,2011-12-10 18:30:00,0,0.49002171017743046,Loyal Customers
13516,42,4,415.96000000000004,103.99000000000001,100,2011-12-10 18:30:00,3,0.8773625862949677,At Risk - High Value
13517,102,2,27.259999999999998,13.629999999999999,136,2011-12-10 18:30:00,1,0.628363746535777,Hibernating / Lost
13518,23,5,187.73000000000002,37.54600000000001,143,2011-12-10 18:30:00,5,0.7532706836396944,Loyal Customers (less frequent)
13519,1,3,38.93,12.976666666666667,26,2011-12-10 18:30:00,5,1.7836357624111123,Loyal Customers (less frequent)
13520,140,5,183.2,36.64,260,2011-12-10 18:30:00,3,0.2064175317012823,At Risk - High Value
13521,173,3,22.87,7.623333333333334,222,2011-12-10 18:30:00,1,0.4142061751258442,Hibernating / Lost
13522,143,6,235.05,39.175000000000004,363,2011-12-10 18:30:00,3,0.2716906046193556,At Risk - High Value
13523,57,3,110.67,36.89,126,2011-12-10 18:30:00,3,0.8427442011435315,At Risk - High Value
13524,1,9,509.25,56.583333333333336,247,2011-12-10 18:30:00,5,1.3430998598429933,Loyal Customers (less frequent)
13525,15,10,725.76,72.576,279,2011-12-10 18:30:00,0,0.6694405475319477,Loyal Customers
13526,52,2,31.88,15.94,59,2011-12-10 18:30:00,2,0.9506630154436524,New / Promising
13527,1,10,1762.07,176.207,316,2011-12-10 18:30:00,4,1.6203454144104348,Champions
13528,25,11,1362.4099999999999,123.85545454545453,415,2011-12-10 18:30:00,0,0.29721688637579446,Loyal Customers
13529,50,7,754.86,107.83714285714287,289,2011-12-10 18:30:00,0,0.6473896734285681,Loyal Customers
13530,33,12,1356.62,113.05166666666666,473,2011-12-10 18:30:00,0,0.17869239235071321,Loyal Customers
13531,40,2,5.16,2.58,48,2011-12-10 18:30:00,2,0.7567683399102048,New / Promising
13532,106,7,481.01,68.71571428571428,370,2011-12-10 18:30:00,3,0.5643545186496449,At Risk - High Value
13533,26,3,11.83,3.9433333333333334,40,2011-12-10 18:30:00,2,0.6511584485044452,New / Promising
13534,50,13,1708.95,131.4576923076923,346,2011-12-10 18:30:00,0,0.4151285688302376,Loyal Customers
13535,403,2,15.11,7.555,428,2011-12-10 18:30:00,1,0.5241127626617261,Hibernating / Lost
13536,156,6,98.57000000000001,16.428333333333335,264,2011-12-10 18:30:00,3,0.4583943702631829,At Risk - High Value
13537,4,8,346.84000000000003,43.355000000000004,148,2011-12-10 18:30:00,5,0.6128776835277051,Loyal Customers (less frequent)
13538,16,1,7.34,7.34,16,2011-12-10 18:30:00,2,0.4490608924200433,New / Promising
13539,22,3,1.9600000000000004,0.6533333333333334,48,2011-12-10 18:30:00,2,0.9755971214114814,New / Promising
13540,28,1,8.08,8.08,28,2011-12-10 18:30:00,2,0.5512004349240976,New / Promising
13541,7,12,922.81,76.90083333333332,231,2011-12-10 18:30:00,5,1.0096524890248382,Loyal Customers (less frequent)
13542,76,4,162.72,40.68,199,2011-12-10 18:30:00,3,0.42846354936813985,At Risk - High Value
13543,151,2,7.33,3.665,190,2011-12-10 18:30:00,1,0.7158756665867894,Hibernating / Lost
13544,96,8,485.08,60.635,236,2011-12-10 18:30:00,3,0.6803008409257951,At Risk - High Value
13545,300,2,62.84,31.42,310,2011-12-10 18:30:00,1,0.4470230635169433,Hibernating / Lost
